=== Run started: Tue Sep 22 16:31:59 IST 2026 ===
Auto packing the repository in background for optimum performance.
See "git help gc" for manual housekeeping.
[gh-pages 6e8774f] Auto-deploy: 2026-09-22T15:32:00Z
 Date: Mon Sep 14 17:45:15 2026 +0100
 969 files changed, 135066 insertions(+)
 create mode 100644 0235+164/0235+164_604800.lc
 create mode 100644 0235+164/0235+164_86400.lc
 create mode 100644 0235+164/0235+164_daily_FLUX_1000_300000_last100days.png
 create mode 100644 0235+164/0235+164_daily_FLUX_1000_300000_last100days.txt
 create mode 100644 0235+164/0235+164_daily_FLUX_100_300000_last100days.png
 create mode 100644 0235+164/0235+164_daily_FLUX_100_300000_last100days.txt
 create mode 100644 0235+164/0235+164_weekly_FLUX_1000_300000_last100days.png
 create mode 100644 0235+164/0235+164_weekly_FLUX_1000_300000_last100days.txt
 create mode 100644 0235+164/0235+164_weekly_FLUX_100_300000_last100days.png
 create mode 100644 0235+164/0235+164_weekly_FLUX_100_300000_last100days.txt
 create mode 100644 0235+164/Swift_0235+164.txt
 create mode 100644 0235+164/index.html
 create mode 100644 0716+714/0716+714_604800.lc
 create mode 100644 0716+714/0716+714_86400.lc
 create mode 100644 0716+714/0716+714_daily_FLUX_1000_300000_last100days.png
 create mode 100644 0716+714/0716+714_daily_FLUX_1000_300000_last100days.txt
 create mode 100644 0716+714/0716+714_daily_FLUX_100_300000_last100days.png
 create mode 100644 0716+714/0716+714_daily_FLUX_100_300000_last100days.txt
 create mode 100644 0716+714/0716+714_weekly_FLUX_1000_300000_last100days.png
 create mode 100644 0716+714/0716+714_weekly_FLUX_1000_300000_last100days.txt
 create mode 100644 0716+714/0716+714_weekly_FLUX_100_300000_last100days.png
 create mode 100644 0716+714/0716+714_weekly_FLUX_100_300000_last100days.txt
 create mode 100644 0716+714/Swift_0716+714.txt
 create mode 100644 0716+714/index.html
 create mode 100644 0827+243/0827+243_604800.lc
 create mode 100644 0827+243/0827+243_86400.lc
 create mode 100644 0827+243/0827+243_daily_FLUX_1000_300000_last100days.png
 create mode 100644 0827+243/0827+243_daily_FLUX_1000_300000_last100days.txt
 create mode 100644 0827+243/0827+243_daily_FLUX_100_300000_last100days.png
 create mode 100644 0827+243/0827+243_daily_FLUX_100_300000_last100days.txt
 create mode 100644 0827+243/0827+243_weekly_FLUX_1000_300000_last100days.png
 create mode 100644 0827+243/0827+243_weekly_FLUX_1000_300000_last100days.txt
 create mode 100644 0827+243/0827+243_weekly_FLUX_100_300000_last100days.png
 create mode 100644 0827+243/0827+243_weekly_FLUX_100_300000_last100days.txt
 create mode 100644 0827+243/Swift_0827+243.txt
 create mode 100644 0827+243/index.html
 create mode 100644 0FGLJ1641.4+3939/0FGLJ1641.4+3939_604800.lc
 create mode 100644 0FGLJ1641.4+3939/0FGLJ1641.4+3939_86400.lc
 create mode 100644 0FGLJ1641.4+3939/0FGLJ1641.4+3939_daily_FLUX_1000_300000_last100days.png
 create mode 100644 0FGLJ1641.4+3939/0FGLJ1641.4+3939_daily_FLUX_1000_300000_last100days.txt
 create mode 100644 0FGLJ1641.4+3939/0FGLJ1641.4+3939_daily_FLUX_100_300000_last100days.png
 create mode 100644 0FGLJ1641.4+3939/0FGLJ1641.4+3939_daily_FLUX_100_300000_last100days.txt
 create mode 100644 0FGLJ1641.4+3939/0FGLJ1641.4+3939_weekly_FLUX_1000_300000_last100days.png
 create mode 100644 0FGLJ1641.4+3939/0FGLJ1641.4+3939_weekly_FLUX_1000_300000_last100days.txt
 create mode 100644 0FGLJ1641.4+3939/0FGLJ1641.4+3939_weekly_FLUX_100_300000_last100days.png
 create mode 100644 0FGLJ1641.4+3939/0FGLJ1641.4+3939_weekly_FLUX_100_300000_last100days.txt
 create mode 100644 0FGLJ1641.4+3939/index.html
 create mode 100644 1ES1959+650/1ES1959+650_604800.lc
 create mode 100644 1ES1959+650/1ES1959+650_86400.lc
 create mode 100644 1ES1959+650/1ES1959+650_daily_FLUX_1000_300000_last100days.png
 create mode 100644 1ES1959+650/1ES1959+650_daily_FLUX_1000_300000_last100days.txt
 create mode 100644 1ES1959+650/1ES1959+650_daily_FLUX_100_300000_last100days.png
 create mode 100644 1ES1959+650/1ES1959+650_daily_FLUX_100_300000_last100days.txt
 create mode 100644 1ES1959+650/1ES1959+650_weekly_FLUX_1000_300000_last100days.png
 create mode 100644 1ES1959+650/1ES1959+650_weekly_FLUX_1000_300000_last100days.txt
 create mode 100644 1ES1959+650/1ES1959+650_weekly_FLUX_100_300000_last100days.png
 create mode 100644 1ES1959+650/1ES1959+650_weekly_FLUX_100_300000_last100days.txt
 create mode 100644 1ES1959+650/Swift_1ES1959+650.txt
 create mode 100644 1ES1959+650/index.html
 create mode 100644 1ES2344+514/1ES2344+514_604800.lc
 create mode 100644 1ES2344+514/1ES2344+514_86400.lc
 create mode 100644 1ES2344+514/1ES2344+514_daily_FLUX_1000_300000_last100days.png
 create mode 100644 1ES2344+514/1ES2344+514_daily_FLUX_1000_300000_last100days.txt
 create mode 100644 1ES2344+514/1ES2344+514_daily_FLUX_100_300000_last100days.png
 create mode 100644 1ES2344+514/1ES2344+514_daily_FLUX_100_300000_last100days.txt
 create mode 100644 1ES2344+514/1ES2344+514_weekly_FLUX_1000_300000_last100days.png
 create mode 100644 1ES2344+514/1ES2344+514_weekly_FLUX_1000_300000_last100days.txt
 create mode 100644 1ES2344+514/1ES2344+514_weekly_FLUX_100_300000_last100days.png
 create mode 100644 1ES2344+514/1ES2344+514_weekly_FLUX_100_300000_last100days.txt
 create mode 100644 1ES2344+514/Swift_1ES2344+514.txt
 create mode 100644 1ES2344+514/index.html
 create mode 100644 1H0323+342/1H0323+342_604800.lc
 create mode 100644 1H0323+342/1H0323+342_86400.lc
 create mode 100644 1H0323+342/1H0323+342_daily_FLUX_1000_300000_last100days.png
 create mode 100644 1H0323+342/1H0323+342_daily_FLUX_1000_300000_last100days.txt
 create mode 100644 1H0323+342/1H0323+342_daily_FLUX_100_300000_last100days.png
 create mode 100644 1H0323+342/1H0323+342_daily_FLUX_100_300000_last100days.txt
 create mode 100644 1H0323+342/1H0323+342_weekly_FLUX_1000_300000_last100days.png
 create mode 100644 1H0323+342/1H0323+342_weekly_FLUX_1000_300000_last100days.txt
 create mode 100644 1H0323+342/1H0323+342_weekly_FLUX_100_300000_last100days.png
 create mode 100644 1H0323+342/1H0323+342_weekly_FLUX_100_300000_last100days.txt
 create mode 100644 1H0323+342/index.html
 create mode 100644 3C120/3C120_604800.lc
 create mode 100644 3C120/3C120_86400.lc
 create mode 100644 3C120/3C120_daily_FLUX_1000_300000_last100days.png
 create mode 100644 3C120/3C120_daily_FLUX_1000_300000_last100days.txt
 create mode 100644 3C120/3C120_daily_FLUX_100_300000_last100days.png
 create mode 100644 3C120/3C120_daily_FLUX_100_300000_last100days.txt
 create mode 100644 3C120/3C120_weekly_FLUX_1000_300000_last100days.png
 create mode 100644 3C120/3C120_weekly_FLUX_1000_300000_last100days.txt
 create mode 100644 3C120/3C120_weekly_FLUX_100_300000_last100days.png
 create mode 100644 3C120/3C120_weekly_FLUX_100_300000_last100days.txt
 create mode 100644 3C120/Swift_3C120.txt
 create mode 100644 3C120/index.html
 create mode 100644 3C138/3C138_604800.lc
 create mode 100644 3C138/3C138_86400.lc
 create mode 100644 3C138/3C138_daily_FLUX_1000_300000_last100days.png
 create mode 100644 3C138/3C138_daily_FLUX_1000_300000_last100days.txt
 create mode 100644 3C138/3C138_daily_FLUX_100_300000_last100days.png
 create mode 100644 3C138/3C138_daily_FLUX_100_300000_last100days.txt
 create mode 100644 3C138/3C138_weekly_FLUX_1000_300000_last100days.png
 create mode 100644 3C138/3C138_weekly_FLUX_1000_300000_last100days.txt
 create mode 100644 3C138/3C138_weekly_FLUX_100_300000_last100days.png
 create mode 100644 3C138/3C138_weekly_FLUX_100_300000_last100days.txt
 create mode 100644 3C138/index.html
 create mode 100644 3C216/3C216_604800.lc
 create mode 100644 3C216/3C216_86400.lc
 create mode 100644 3C216/3C216_daily_FLUX_1000_300000_last100days.png
 create mode 100644 3C216/3C216_daily_FLUX_1000_300000_last100days.txt
 create mode 100644 3C216/3C216_daily_FLUX_100_300000_last100days.png
 create mode 100644 3C216/3C216_daily_FLUX_100_300000_last100days.txt
 create mode 100644 3C216/3C216_weekly_FLUX_1000_300000_last100days.png
 create mode 100644 3C216/3C216_weekly_FLUX_1000_300000_last100days.txt
 create mode 100644 3C216/3C216_weekly_FLUX_100_300000_last100days.png
 create mode 100644 3C216/3C216_weekly_FLUX_100_300000_last100days.txt
 create mode 100644 3C216/index.html
 create mode 100644 3C395/3C395_604800.lc
 create mode 100644 3C395/3C395_86400.lc
 create mode 100644 3C395/3C395_daily_FLUX_1000_300000_last100days.png
 create mode 100644 3C395/3C395_daily_FLUX_1000_300000_last100days.txt
 create mode 100644 3C395/3C395_daily_FLUX_100_300000_last100days.png
 create mode 100644 3C395/3C395_daily_FLUX_100_300000_last100days.txt
 create mode 100644 3C395/3C395_weekly_FLUX_1000_300000_last100days.png
 create mode 100644 3C395/3C395_weekly_FLUX_1000_300000_last100days.txt
 create mode 100644 3C395/3C395_weekly_FLUX_100_300000_last100days.png
 create mode 100644 3C395/3C395_weekly_FLUX_100_300000_last100days.txt
 create mode 100644 3C395/index.html
 create mode 100644 3C446/3C446_604800.lc
 create mode 100644 3C446/3C446_86400.lc
 create mode 100644 3C446/3C446_daily_FLUX_1000_300000_last100days.png
 create mode 100644 3C446/3C446_daily_FLUX_1000_300000_last100days.txt
 create mode 100644 3C446/3C446_daily_FLUX_100_300000_last100days.png
 create mode 100644 3C446/3C446_daily_FLUX_100_300000_last100days.txt
 create mode 100644 3C446/3C446_weekly_FLUX_1000_300000_last100days.png
 create mode 100644 3C446/3C446_weekly_FLUX_1000_300000_last100days.txt
 create mode 100644 3C446/3C446_weekly_FLUX_100_300000_last100days.png
 create mode 100644 3C446/3C446_weekly_FLUX_100_300000_last100days.txt
 create mode 100644 3C446/Swift_3C446.txt
 create mode 100644 3C446/index.html
 create mode 100644 3C454.3/3C454.3_604800.lc
 create mode 100644 3C454.3/3C454.3_86400.lc
 create mode 100644 3C454.3/3C454.3_daily_FLUX_1000_300000_last100days.png
 create mode 100644 3C454.3/3C454.3_daily_FLUX_1000_300000_last100days.txt
 create mode 100644 3C454.3/3C454.3_daily_FLUX_100_300000_last100days.png
 create mode 100644 3C454.3/3C454.3_daily_FLUX_100_300000_last100days.txt
 create mode 100644 3C454.3/3C454.3_weekly_FLUX_1000_300000_last100days.png
 create mode 100644 3C454.3/3C454.3_weekly_FLUX_1000_300000_last100days.txt
 create mode 100644 3C454.3/3C454.3_weekly_FLUX_100_300000_last100days.png
 create mode 100644 3C454.3/3C454.3_weekly_FLUX_100_300000_last100days.txt
 create mode 100644 3C454.3/Swift_3C454.3.txt
 create mode 100644 3C454.3/index.html
 create mode 100644 3C66A/3C66A_604800.lc
 create mode 100644 3C66A/3C66A_86400.lc
 create mode 100644 3C66A/3C66A_daily_FLUX_1000_300000_last100days.png
 create mode 100644 3C66A/3C66A_daily_FLUX_1000_300000_last100days.txt
 create mode 100644 3C66A/3C66A_daily_FLUX_100_300000_last100days.png
 create mode 100644 3C66A/3C66A_daily_FLUX_100_300000_last100days.txt
 create mode 100644 3C66A/3C66A_weekly_FLUX_1000_300000_last100days.png
 create mode 100644 3C66A/3C66A_weekly_FLUX_1000_300000_last100days.txt
 create mode 100644 3C66A/3C66A_weekly_FLUX_100_300000_last100days.png
 create mode 100644 3C66A/3C66A_weekly_FLUX_100_300000_last100days.txt
 create mode 100644 3C66A/Swift_3C66A.txt
 create mode 100644 3C66A/index.html
 create mode 100644 4C+10.45/4C+10.45_604800.lc
 create mode 100644 4C+10.45/4C+10.45_86400.lc
 create mode 100644 4C+10.45/4C+10.45_daily_FLUX_1000_300000_last100days.png
 create mode 100644 4C+10.45/4C+10.45_daily_FLUX_1000_300000_last100days.txt
 create mode 100644 4C+10.45/4C+10.45_daily_FLUX_100_300000_last100days.png
 create mode 100644 4C+10.45/4C+10.45_daily_FLUX_100_300000_last100days.txt
 create mode 100644 4C+10.45/4C+10.45_weekly_FLUX_1000_300000_last100days.png
 create mode 100644 4C+10.45/4C+10.45_weekly_FLUX_1000_300000_last100days.txt
 create mode 100644 4C+10.45/4C+10.45_weekly_FLUX_100_300000_last100days.png
 create mode 100644 4C+10.45/4C+10.45_weekly_FLUX_100_300000_last100days.txt
 create mode 100644 4C+10.45/index.html
 create mode 100644 4C+27.50/4C+27.50_604800.lc
 create mode 100644 4C+27.50/4C+27.50_86400.lc
 create mode 100644 4C+27.50/4C+27.50_daily_FLUX_1000_300000_last100days.png
 create mode 100644 4C+27.50/4C+27.50_daily_FLUX_1000_300000_last100days.txt
 create mode 100644 4C+27.50/4C+27.50_daily_FLUX_100_300000_last100days.png
 create mode 100644 4C+27.50/4C+27.50_daily_FLUX_100_300000_last100days.txt
 create mode 100644 4C+27.50/4C+27.50_weekly_FLUX_1000_300000_last100days.png
 create mode 100644 4C+27.50/4C+27.50_weekly_FLUX_1000_300000_last100days.txt
 create mode 100644 4C+27.50/4C+27.50_weekly_FLUX_100_300000_last100days.png
 create mode 100644 4C+27.50/4C+27.50_weekly_FLUX_100_300000_last100days.txt
 create mode 100644 4C+27.50/index.html
 create mode 100644 4C+28.07/4C+28.07_604800.lc
 create mode 100644 4C+28.07/4C+28.07_86400.lc
 create mode 100644 4C+28.07/4C+28.07_daily_FLUX_1000_300000_last100days.png
 create mode 100644 4C+28.07/4C+28.07_daily_FLUX_1000_300000_last100days.txt
 create mode 100644 4C+28.07/4C+28.07_daily_FLUX_100_300000_last100days.png
 create mode 100644 4C+28.07/4C+28.07_daily_FLUX_100_300000_last100days.txt
 create mode 100644 4C+28.07/4C+28.07_weekly_FLUX_1000_300000_last100days.png
 create mode 100644 4C+28.07/4C+28.07_weekly_FLUX_1000_300000_last100days.txt
 create mode 100644 4C+28.07/4C+28.07_weekly_FLUX_100_300000_last100days.png
 create mode 100644 4C+28.07/4C+28.07_weekly_FLUX_100_300000_last100days.txt
 create mode 100644 4C+28.07/Swift_4C+28.07.txt
 create mode 100644 4C+28.07/index.html
 create mode 100644 4C14.23/4C14.23_604800.lc
 create mode 100644 4C14.23/4C14.23_86400.lc
 create mode 100644 4C14.23/4C14.23_daily_FLUX_1000_300000_last100days.png
 create mode 100644 4C14.23/4C14.23_daily_FLUX_1000_300000_last100days.txt
 create mode 100644 4C14.23/4C14.23_daily_FLUX_100_300000_last100days.png
 create mode 100644 4C14.23/4C14.23_daily_FLUX_100_300000_last100days.txt
 create mode 100644 4C14.23/4C14.23_weekly_FLUX_1000_300000_last100days.png
 create mode 100644 4C14.23/4C14.23_weekly_FLUX_1000_300000_last100days.txt
 create mode 100644 4C14.23/4C14.23_weekly_FLUX_100_300000_last100days.png
 create mode 100644 4C14.23/4C14.23_weekly_FLUX_100_300000_last100days.txt
 create mode 100644 4C14.23/index.html
 create mode 100644 4C31.03/4C31.03_604800.lc
 create mode 100644 4C31.03/4C31.03_86400.lc
 create mode 100644 4C31.03/4C31.03_daily_FLUX_1000_300000_last100days.png
 create mode 100644 4C31.03/4C31.03_daily_FLUX_1000_300000_last100days.txt
 create mode 100644 4C31.03/4C31.03_daily_FLUX_100_300000_last100days.png
 create mode 100644 4C31.03/4C31.03_daily_FLUX_100_300000_last100days.txt
 create mode 100644 4C31.03/4C31.03_weekly_FLUX_1000_300000_last100days.png
 create mode 100644 4C31.03/4C31.03_weekly_FLUX_1000_300000_last100days.txt
 create mode 100644 4C31.03/4C31.03_weekly_FLUX_100_300000_last100days.png
 create mode 100644 4C31.03/4C31.03_weekly_FLUX_100_300000_last100days.txt
 create mode 100644 4C31.03/Swift_4C31.03.txt
 create mode 100644 4C31.03/index.html
 create mode 100644 4FGLJ1706.8+1319/4FGLJ1706.8+1319_604800.lc
 create mode 100644 4FGLJ1706.8+1319/4FGLJ1706.8+1319_86400.lc
 create mode 100644 4FGLJ1706.8+1319/4FGLJ1706.8+1319_daily_FLUX_1000_300000_last100days.png
 create mode 100644 4FGLJ1706.8+1319/4FGLJ1706.8+1319_daily_FLUX_1000_300000_last100days.txt
 create mode 100644 4FGLJ1706.8+1319/4FGLJ1706.8+1319_daily_FLUX_100_300000_last100days.png
 create mode 100644 4FGLJ1706.8+1319/4FGLJ1706.8+1319_daily_FLUX_100_300000_last100days.txt
 create mode 100644 4FGLJ1706.8+1319/4FGLJ1706.8+1319_weekly_FLUX_1000_300000_last100days.png
 create mode 100644 4FGLJ1706.8+1319/4FGLJ1706.8+1319_weekly_FLUX_1000_300000_last100days.txt
 create mode 100644 4FGLJ1706.8+1319/4FGLJ1706.8+1319_weekly_FLUX_100_300000_last100days.png
 create mode 100644 4FGLJ1706.8+1319/4FGLJ1706.8+1319_weekly_FLUX_100_300000_last100days.txt
 create mode 100644 4FGLJ1706.8+1319/index.html
 create mode 100644 7C2238+5117/7C2238+5117_604800.lc
 create mode 100644 7C2238+5117/7C2238+5117_86400.lc
 create mode 100644 7C2238+5117/7C2238+5117_daily_FLUX_1000_300000_last100days.png
 create mode 100644 7C2238+5117/7C2238+5117_daily_FLUX_1000_300000_last100days.txt
 create mode 100644 7C2238+5117/7C2238+5117_daily_FLUX_100_300000_last100days.png
 create mode 100644 7C2238+5117/7C2238+5117_daily_FLUX_100_300000_last100days.txt
 create mode 100644 7C2238+5117/7C2238+5117_weekly_FLUX_1000_300000_last100days.png
 create mode 100644 7C2238+5117/7C2238+5117_weekly_FLUX_1000_300000_last100days.txt
 create mode 100644 7C2238+5117/7C2238+5117_weekly_FLUX_100_300000_last100days.png
 create mode 100644 7C2238+5117/7C2238+5117_weekly_FLUX_100_300000_last100days.txt
 create mode 100644 7C2238+5117/index.html
 create mode 100644 B20619+33/B20619+33_604800.lc
 create mode 100644 B20619+33/B20619+33_86400.lc
 create mode 100644 B20619+33/B20619+33_daily_FLUX_1000_300000_last100days.png
 create mode 100644 B20619+33/B20619+33_daily_FLUX_1000_300000_last100days.txt
 create mode 100644 B20619+33/B20619+33_daily_FLUX_100_300000_last100days.png
 create mode 100644 B20619+33/B20619+33_daily_FLUX_100_300000_last100days.txt
 create mode 100644 B20619+33/B20619+33_weekly_FLUX_1000_300000_last100days.png
 create mode 100644 B20619+33/B20619+33_weekly_FLUX_1000_300000_last100days.txt
 create mode 100644 B20619+33/B20619+33_weekly_FLUX_100_300000_last100days.png
 create mode 100644 B20619+33/B20619+33_weekly_FLUX_100_300000_last100days.txt
 create mode 100644 B20619+33/Swift_B20619+33.txt
 create mode 100644 B20619+33/index.html
 create mode 100644 B21504+37/B21504+37_604800.lc
 create mode 100644 B21504+37/B21504+37_86400.lc
 create mode 100644 B21504+37/B21504+37_daily_FLUX_1000_300000_last100days.png
 create mode 100644 B21504+37/B21504+37_daily_FLUX_1000_300000_last100days.txt
 create mode 100644 B21504+37/B21504+37_daily_FLUX_100_300000_last100days.png
 create mode 100644 B21504+37/B21504+37_daily_FLUX_100_300000_last100days.txt
 create mode 100644 B21504+37/B21504+37_weekly_FLUX_1000_300000_last100days.png
 create mode 100644 B21504+37/B21504+37_weekly_FLUX_1000_300000_last100days.txt
 create mode 100644 B21504+37/B21504+37_weekly_FLUX_100_300000_last100days.png
 create mode 100644 B21504+37/B21504+37_weekly_FLUX_100_300000_last100days.txt
 create mode 100644 B21504+37/index.html
 create mode 100644 B21520+31/B21520+31_604800.lc
 create mode 100644 B21520+31/B21520+31_86400.lc
 create mode 100644 B21520+31/B21520+31_daily_FLUX_1000_300000_last100days.png
 create mode 100644 B21520+31/B21520+31_daily_FLUX_1000_300000_last100days.txt
 create mode 100644 B21520+31/B21520+31_daily_FLUX_100_300000_last100days.png
 create mode 100644 B21520+31/B21520+31_daily_FLUX_100_300000_last100days.txt
 create mode 100644 B21520+31/B21520+31_weekly_FLUX_1000_300000_last100days.png
 create mode 100644 B21520+31/B21520+31_weekly_FLUX_1000_300000_last100days.txt
 create mode 100644 B21520+31/B21520+31_weekly_FLUX_100_300000_last100days.png
 create mode 100644 B21520+31/B21520+31_weekly_FLUX_100_300000_last100days.txt
 create mode 100644 B21520+31/Swift_B21520+31.txt
 create mode 100644 B21520+31/index.html
 create mode 100644 B21846+32B/B21846+32B_604800.lc
 create mode 100644 B21846+32B/B21846+32B_86400.lc
 create mode 100644 B21846+32B/B21846+32B_daily_FLUX_1000_300000_last100days.png
 create mode 100644 B21846+32B/B21846+32B_daily_FLUX_1000_300000_last100days.txt
 create mode 100644 B21846+32B/B21846+32B_daily_FLUX_100_300000_last100days.png
 create mode 100644 B21846+32B/B21846+32B_daily_FLUX_100_300000_last100days.txt
 create mode 100644 B21846+32B/B21846+32B_weekly_FLUX_1000_300000_last100days.png
 create mode 100644 B21846+32B/B21846+32B_weekly_FLUX_1000_300000_last100days.txt
 create mode 100644 B21846+32B/B21846+32B_weekly_FLUX_100_300000_last100days.png
 create mode 100644 B21846+32B/B21846+32B_weekly_FLUX_100_300000_last100days.txt
 create mode 100644 B21846+32B/Swift_B21846+32B.txt
 create mode 100644 B21846+32B/index.html
 create mode 100644 B30650+453/B30650+453_604800.lc
 create mode 100644 B30650+453/B30650+453_86400.lc
 create mode 100644 B30650+453/B30650+453_daily_FLUX_1000_300000_last100days.png
 create mode 100644 B30650+453/B30650+453_daily_FLUX_1000_300000_last100days.txt
 create mode 100644 B30650+453/B30650+453_daily_FLUX_100_300000_last100days.png
 create mode 100644 B30650+453/B30650+453_daily_FLUX_100_300000_last100days.txt
 create mode 100644 B30650+453/B30650+453_weekly_FLUX_1000_300000_last100days.png
 create mode 100644 B30650+453/B30650+453_weekly_FLUX_1000_300000_last100days.txt
 create mode 100644 B30650+453/B30650+453_weekly_FLUX_100_300000_last100days.png
 create mode 100644 B30650+453/B30650+453_weekly_FLUX_100_300000_last100days.txt
 create mode 100644 B30650+453/Swift_B30650+453.txt
 create mode 100644 B30650+453/index.html
 create mode 100644 B31708+433/B31708+433_604800.lc
 create mode 100644 B31708+433/B31708+433_86400.lc
 create mode 100644 B31708+433/B31708+433_daily_FLUX_1000_300000_last100days.png
 create mode 100644 B31708+433/B31708+433_daily_FLUX_1000_300000_last100days.txt
 create mode 100644 B31708+433/B31708+433_daily_FLUX_100_300000_last100days.png
 create mode 100644 B31708+433/B31708+433_daily_FLUX_100_300000_last100days.txt
 create mode 100644 B31708+433/B31708+433_weekly_FLUX_1000_300000_last100days.png
 create mode 100644 B31708+433/B31708+433_weekly_FLUX_1000_300000_last100days.txt
 create mode 100644 B31708+433/B31708+433_weekly_FLUX_100_300000_last100days.png
 create mode 100644 B31708+433/B31708+433_weekly_FLUX_100_300000_last100days.txt
 create mode 100644 B31708+433/Swift_B31708+433.txt
 create mode 100644 B31708+433/index.html
 create mode 100644 BLLac/BLLac_604800.lc
 create mode 100644 BLLac/BLLac_86400.lc
 create mode 100644 BLLac/BLLac_daily_FLUX_1000_300000_last100days.png
 create mode 100644 BLLac/BLLac_daily_FLUX_1000_300000_last100days.txt
 create mode 100644 BLLac/BLLac_daily_FLUX_100_300000_last100days.png
 create mode 100644 BLLac/BLLac_daily_FLUX_100_300000_last100days.txt
 create mode 100644 BLLac/BLLac_weekly_FLUX_1000_300000_last100days.png
 create mode 100644 BLLac/BLLac_weekly_FLUX_1000_300000_last100days.txt
 create mode 100644 BLLac/BLLac_weekly_FLUX_100_300000_last100days.png
 create mode 100644 BLLac/BLLac_weekly_FLUX_100_300000_last100days.txt
 create mode 100644 BLLac/Swift_BLLac.txt
 create mode 100644 BLLac/index.html
 create mode 100644 BZUJ0742+5444/BZUJ0742+5444_604800.lc
 create mode 100644 BZUJ0742+5444/BZUJ0742+5444_86400.lc
 create mode 100644 BZUJ0742+5444/BZUJ0742+5444_daily_FLUX_1000_300000_last100days.png
 create mode 100644 BZUJ0742+5444/BZUJ0742+5444_daily_FLUX_1000_300000_last100days.txt
 create mode 100644 BZUJ0742+5444/BZUJ0742+5444_daily_FLUX_100_300000_last100days.png
 create mode 100644 BZUJ0742+5444/BZUJ0742+5444_daily_FLUX_100_300000_last100days.txt
 create mode 100644 BZUJ0742+5444/BZUJ0742+5444_weekly_FLUX_1000_300000_last100days.png
 create mode 100644 BZUJ0742+5444/BZUJ0742+5444_weekly_FLUX_1000_300000_last100days.txt
 create mode 100644 BZUJ0742+5444/BZUJ0742+5444_weekly_FLUX_100_300000_last100days.png
 create mode 100644 BZUJ0742+5444/BZUJ0742+5444_weekly_FLUX_100_300000_last100days.txt
 create mode 100644 BZUJ0742+5444/index.html
 create mode 100644 CGRaBSJ0211+1051/CGRaBSJ0211+1051_604800.lc
 create mode 100644 CGRaBSJ0211+1051/CGRaBSJ0211+1051_86400.lc
 create mode 100644 CGRaBSJ0211+1051/CGRaBSJ0211+1051_daily_FLUX_1000_300000_last100days.png
 create mode 100644 CGRaBSJ0211+1051/CGRaBSJ0211+1051_daily_FLUX_1000_300000_last100days.txt
 create mode 100644 CGRaBSJ0211+1051/CGRaBSJ0211+1051_daily_FLUX_100_300000_last100days.png
 create mode 100644 CGRaBSJ0211+1051/CGRaBSJ0211+1051_daily_FLUX_100_300000_last100days.txt
 create mode 100644 CGRaBSJ0211+1051/CGRaBSJ0211+1051_weekly_FLUX_1000_300000_last100days.png
 create mode 100644 CGRaBSJ0211+1051/CGRaBSJ0211+1051_weekly_FLUX_1000_300000_last100days.txt
 create mode 100644 CGRaBSJ0211+1051/CGRaBSJ0211+1051_weekly_FLUX_100_300000_last100days.png
 create mode 100644 CGRaBSJ0211+1051/CGRaBSJ0211+1051_weekly_FLUX_100_300000_last100days.txt
 create mode 100644 CGRaBSJ0211+1051/Swift_CGRaBSJ0211+1051.txt
 create mode 100644 CGRaBSJ0211+1051/index.html
 create mode 100644 CGRaBSJ1848+3219/CGRaBSJ1848+3219_604800.lc
 create mode 100644 CGRaBSJ1848+3219/CGRaBSJ1848+3219_86400.lc
 create mode 100644 CGRaBSJ1848+3219/CGRaBSJ1848+3219_daily_FLUX_1000_300000_last100days.png
 create mode 100644 CGRaBSJ1848+3219/CGRaBSJ1848+3219_daily_FLUX_1000_300000_last100days.txt
 create mode 100644 CGRaBSJ1848+3219/CGRaBSJ1848+3219_daily_FLUX_100_300000_last100days.png
 create mode 100644 CGRaBSJ1848+3219/CGRaBSJ1848+3219_daily_FLUX_100_300000_last100days.txt
 create mode 100644 CGRaBSJ1848+3219/CGRaBSJ1848+3219_weekly_FLUX_1000_300000_last100days.png
 create mode 100644 CGRaBSJ1848+3219/CGRaBSJ1848+3219_weekly_FLUX_1000_300000_last100days.txt
 create mode 100644 CGRaBSJ1848+3219/CGRaBSJ1848+3219_weekly_FLUX_100_300000_last100days.png
 create mode 100644 CGRaBSJ1848+3219/CGRaBSJ1848+3219_weekly_FLUX_100_300000_last100days.txt
 create mode 100644 CGRaBSJ1848+3219/Swift_CGRaBSJ1848+3219.txt
 create mode 100644 CGRaBSJ1848+3219/index.html
 create mode 100644 CGRaBSJ1849+6705/CGRaBSJ1849+6705_604800.lc
 create mode 100644 CGRaBSJ1849+6705/CGRaBSJ1849+6705_86400.lc
 create mode 100644 CGRaBSJ1849+6705/CGRaBSJ1849+6705_daily_FLUX_1000_300000_last100days.png
 create mode 100644 CGRaBSJ1849+6705/CGRaBSJ1849+6705_daily_FLUX_1000_300000_last100days.txt
 create mode 100644 CGRaBSJ1849+6705/CGRaBSJ1849+6705_daily_FLUX_100_300000_last100days.png
 create mode 100644 CGRaBSJ1849+6705/CGRaBSJ1849+6705_daily_FLUX_100_300000_last100days.txt
 create mode 100644 CGRaBSJ1849+6705/CGRaBSJ1849+6705_weekly_FLUX_1000_300000_last100days.png
 create mode 100644 CGRaBSJ1849+6705/CGRaBSJ1849+6705_weekly_FLUX_1000_300000_last100days.txt
 create mode 100644 CGRaBSJ1849+6705/CGRaBSJ1849+6705_weekly_FLUX_100_300000_last100days.png
 create mode 100644 CGRaBSJ1849+6705/CGRaBSJ1849+6705_weekly_FLUX_100_300000_last100days.txt
 create mode 100644 CGRaBSJ1849+6705/Swift_CGRaBSJ1849+6705.txt
 create mode 100644 CGRaBSJ1849+6705/index.html
 create mode 100644 CTA102/CTA102_604800.lc
 create mode 100644 CTA102/CTA102_86400.lc
 create mode 100644 CTA102/CTA102_daily_FLUX_1000_300000_last100days.png
 create mode 100644 CTA102/CTA102_daily_FLUX_1000_300000_last100days.txt
 create mode 100644 CTA102/CTA102_daily_FLUX_100_300000_last100days.png
 create mode 100644 CTA102/CTA102_daily_FLUX_100_300000_last100days.txt
 create mode 100644 CTA102/CTA102_weekly_FLUX_1000_300000_last100days.png
 create mode 100644 CTA102/CTA102_weekly_FLUX_1000_300000_last100days.txt
 create mode 100644 CTA102/CTA102_weekly_FLUX_100_300000_last100days.png
 create mode 100644 CTA102/CTA102_weekly_FLUX_100_300000_last100days.txt
 create mode 100644 CTA102/Swift_CTA102.txt
 create mode 100644 CTA102/index.html
 create mode 100644 CrabPulsar/CrabPulsar_604800.lc
 create mode 100644 CrabPulsar/CrabPulsar_86400.lc
 create mode 100644 CrabPulsar/CrabPulsar_daily_FLUX_1000_300000_last100days.png
 create mode 100644 CrabPulsar/CrabPulsar_daily_FLUX_1000_300000_last100days.txt
 create mode 100644 CrabPulsar/CrabPulsar_daily_FLUX_100_300000_last100days.png
 create mode 100644 CrabPulsar/CrabPulsar_daily_FLUX_100_300000_last100days.txt
 create mode 100644 CrabPulsar/CrabPulsar_weekly_FLUX_1000_300000_last100days.png
 create mode 100644 CrabPulsar/CrabPulsar_weekly_FLUX_1000_300000_last100days.txt
 create mode 100644 CrabPulsar/CrabPulsar_weekly_FLUX_100_300000_last100days.png
 create mode 100644 CrabPulsar/CrabPulsar_weekly_FLUX_100_300000_last100days.txt
 create mode 100644 CrabPulsar/index.html
 create mode 100644 CygnusX-3/CygnusX-3_604800.lc
 create mode 100644 CygnusX-3/CygnusX-3_86400.lc
 create mode 100644 CygnusX-3/CygnusX-3_daily_FLUX_1000_300000_last100days.png
 create mode 100644 CygnusX-3/CygnusX-3_daily_FLUX_1000_300000_last100days.txt
 create mode 100644 CygnusX-3/CygnusX-3_daily_FLUX_100_300000_last100days.png
 create mode 100644 CygnusX-3/CygnusX-3_daily_FLUX_100_300000_last100days.txt
 create mode 100644 CygnusX-3/CygnusX-3_weekly_FLUX_1000_300000_last100days.png
 create mode 100644 CygnusX-3/CygnusX-3_weekly_FLUX_1000_300000_last100days.txt
 create mode 100644 CygnusX-3/CygnusX-3_weekly_FLUX_100_300000_last100days.png
 create mode 100644 CygnusX-3/CygnusX-3_weekly_FLUX_100_300000_last100days.txt
 create mode 100644 CygnusX-3/index.html
 create mode 100644 FermiJ0008+6829/FermiJ0008+6829_604800.lc
 create mode 100644 FermiJ0008+6829/FermiJ0008+6829_86400.lc
 create mode 100644 FermiJ0008+6829/FermiJ0008+6829_daily_FLUX_1000_300000_last100days.png
 create mode 100644 FermiJ0008+6829/FermiJ0008+6829_daily_FLUX_1000_300000_last100days.txt
 create mode 100644 FermiJ0008+6829/FermiJ0008+6829_daily_FLUX_100_300000_last100days.png
 create mode 100644 FermiJ0008+6829/FermiJ0008+6829_daily_FLUX_100_300000_last100days.txt
 create mode 100644 FermiJ0008+6829/FermiJ0008+6829_weekly_FLUX_1000_300000_last100days.png
 create mode 100644 FermiJ0008+6829/FermiJ0008+6829_weekly_FLUX_1000_300000_last100days.txt
 create mode 100644 FermiJ0008+6829/FermiJ0008+6829_weekly_FLUX_100_300000_last100days.png
 create mode 100644 FermiJ0008+6829/FermiJ0008+6829_weekly_FLUX_100_300000_last100days.txt
 create mode 100644 FermiJ0008+6829/index.html
 create mode 100644 FermiJ0052+1110/FermiJ0052+1110_604800.lc
 create mode 100644 FermiJ0052+1110/FermiJ0052+1110_86400.lc
 create mode 100644 FermiJ0052+1110/FermiJ0052+1110_daily_FLUX_1000_300000_last100days.png
 create mode 100644 FermiJ0052+1110/FermiJ0052+1110_daily_FLUX_1000_300000_last100days.txt
 create mode 100644 FermiJ0052+1110/FermiJ0052+1110_daily_FLUX_100_300000_last100days.png
 create mode 100644 FermiJ0052+1110/FermiJ0052+1110_daily_FLUX_100_300000_last100days.txt
 create mode 100644 FermiJ0052+1110/FermiJ0052+1110_weekly_FLUX_1000_300000_last100days.png
 create mode 100644 FermiJ0052+1110/FermiJ0052+1110_weekly_FLUX_1000_300000_last100days.txt
 create mode 100644 FermiJ0052+1110/FermiJ0052+1110_weekly_FLUX_100_300000_last100days.png
 create mode 100644 FermiJ0052+1110/FermiJ0052+1110_weekly_FLUX_100_300000_last100days.txt
 create mode 100644 FermiJ0052+1110/index.html
 create mode 100644 FermiJ0431+5458/FermiJ0431+5458_604800.lc
 create mode 100644 FermiJ0431+5458/FermiJ0431+5458_86400.lc
 create mode 100644 FermiJ0431+5458/FermiJ0431+5458_daily_FLUX_1000_300000_last100days.png
 create mode 100644 FermiJ0431+5458/FermiJ0431+5458_daily_FLUX_1000_300000_last100days.txt
 create mode 100644 FermiJ0431+5458/FermiJ0431+5458_daily_FLUX_100_300000_last100days.png
 create mode 100644 FermiJ0431+5458/FermiJ0431+5458_daily_FLUX_100_300000_last100days.txt
 create mode 100644 FermiJ0431+5458/FermiJ0431+5458_weekly_FLUX_1000_300000_last100days.png
 create mode 100644 FermiJ0431+5458/FermiJ0431+5458_weekly_FLUX_1000_300000_last100days.txt
 create mode 100644 FermiJ0431+5458/FermiJ0431+5458_weekly_FLUX_100_300000_last100days.png
 create mode 100644 FermiJ0431+5458/FermiJ0431+5458_weekly_FLUX_100_300000_last100days.txt
 create mode 100644 FermiJ0431+5458/index.html
 create mode 100644 FermiJ0614+1713/FermiJ0614+1713_604800.lc
 create mode 100644 FermiJ0614+1713/FermiJ0614+1713_86400.lc
 create mode 100644 FermiJ0614+1713/FermiJ0614+1713_daily_FLUX_1000_300000_last100days.png
 create mode 100644 FermiJ0614+1713/FermiJ0614+1713_daily_FLUX_1000_300000_last100days.txt
 create mode 100644 FermiJ0614+1713/FermiJ0614+1713_daily_FLUX_100_300000_last100days.png
 create mode 100644 FermiJ0614+1713/FermiJ0614+1713_daily_FLUX_100_300000_last100days.txt
 create mode 100644 FermiJ0614+1713/FermiJ0614+1713_weekly_FLUX_1000_300000_last100days.png
 create mode 100644 FermiJ0614+1713/FermiJ0614+1713_weekly_FLUX_1000_300000_last100days.txt
 create mode 100644 FermiJ0614+1713/FermiJ0614+1713_weekly_FLUX_100_300000_last100days.png
 create mode 100644 FermiJ0614+1713/FermiJ0614+1713_weekly_FLUX_100_300000_last100days.txt
 create mode 100644 FermiJ0614+1713/index.html
 create mode 100644 GB6J0713+5738/GB6J0713+5738_604800.lc
 create mode 100644 GB6J0713+5738/GB6J0713+5738_86400.lc
 create mode 100644 GB6J0713+5738/GB6J0713+5738_daily_FLUX_1000_300000_last100days.png
 create mode 100644 GB6J0713+5738/GB6J0713+5738_daily_FLUX_1000_300000_last100days.txt
 create mode 100644 GB6J0713+5738/GB6J0713+5738_daily_FLUX_100_300000_last100days.png
 create mode 100644 GB6J0713+5738/GB6J0713+5738_daily_FLUX_100_300000_last100days.txt
 create mode 100644 GB6J0713+5738/GB6J0713+5738_weekly_FLUX_1000_300000_last100days.png
 create mode 100644 GB6J0713+5738/GB6J0713+5738_weekly_FLUX_1000_300000_last100days.txt
 create mode 100644 GB6J0713+5738/GB6J0713+5738_weekly_FLUX_100_300000_last100days.png
 create mode 100644 GB6J0713+5738/GB6J0713+5738_weekly_FLUX_100_300000_last100days.txt
 create mode 100644 GB6J0713+5738/Swift_GB6J0713+5738.txt
 create mode 100644 GB6J0713+5738/index.html
 create mode 100644 GB6J1700+6830/GB6J1700+6830_604800.lc
 create mode 100644 GB6J1700+6830/GB6J1700+6830_86400.lc
 create mode 100644 GB6J1700+6830/GB6J1700+6830_daily_FLUX_1000_300000_last100days.png
 create mode 100644 GB6J1700+6830/GB6J1700+6830_daily_FLUX_1000_300000_last100days.txt
 create mode 100644 GB6J1700+6830/GB6J1700+6830_daily_FLUX_100_300000_last100days.png
 create mode 100644 GB6J1700+6830/GB6J1700+6830_daily_FLUX_100_300000_last100days.txt
 create mode 100644 GB6J1700+6830/GB6J1700+6830_weekly_FLUX_1000_300000_last100days.png
 create mode 100644 GB6J1700+6830/GB6J1700+6830_weekly_FLUX_1000_300000_last100days.txt
 create mode 100644 GB6J1700+6830/GB6J1700+6830_weekly_FLUX_100_300000_last100days.png
 create mode 100644 GB6J1700+6830/GB6J1700+6830_weekly_FLUX_100_300000_last100days.txt
 create mode 100644 GB6J1700+6830/Swift_GB6J1700+6830.txt
 create mode 100644 GB6J1700+6830/index.html
 create mode 100644 LATLC_last_update.txt
 create mode 100644 LATLC_objects.txt
 create mode 100644 LSI+61303/LSI+61303_604800.lc
 create mode 100644 LSI+61303/LSI+61303_86400.lc
 create mode 100644 LSI+61303/LSI+61303_daily_FLUX_1000_300000_last100days.png
 create mode 100644 LSI+61303/LSI+61303_daily_FLUX_1000_300000_last100days.txt
 create mode 100644 LSI+61303/LSI+61303_daily_FLUX_100_300000_last100days.png
 create mode 100644 LSI+61303/LSI+61303_daily_FLUX_100_300000_last100days.txt
 create mode 100644 LSI+61303/LSI+61303_weekly_FLUX_1000_300000_last100days.png
 create mode 100644 LSI+61303/LSI+61303_weekly_FLUX_1000_300000_last100days.txt
 create mode 100644 LSI+61303/LSI+61303_weekly_FLUX_100_300000_last100days.png
 create mode 100644 LSI+61303/LSI+61303_weekly_FLUX_100_300000_last100days.txt
 create mode 100644 LSI+61303/Swift_LSI+61303.txt
 create mode 100644 LSI+61303/index.html
 create mode 100644 MG2J071354+1934/MG2J071354+1934_604800.lc
 create mode 100644 MG2J071354+1934/MG2J071354+1934_86400.lc
 create mode 100644 MG2J071354+1934/MG2J071354+1934_daily_FLUX_1000_300000_last100days.png
 create mode 100644 MG2J071354+1934/MG2J071354+1934_daily_FLUX_1000_300000_last100days.txt
 create mode 100644 MG2J071354+1934/MG2J071354+1934_daily_FLUX_100_300000_last100days.png
 create mode 100644 MG2J071354+1934/MG2J071354+1934_daily_FLUX_100_300000_last100days.txt
 create mode 100644 MG2J071354+1934/MG2J071354+1934_weekly_FLUX_1000_300000_last100days.png
 create mode 100644 MG2J071354+1934/MG2J071354+1934_weekly_FLUX_1000_300000_last100days.txt
 create mode 100644 MG2J071354+1934/MG2J071354+1934_weekly_FLUX_100_300000_last100days.png
 create mode 100644 MG2J071354+1934/MG2J071354+1934_weekly_FLUX_100_300000_last100days.txt
 create mode 100644 MG2J071354+1934/index.html
 create mode 100644 Mrk501/Mrk501_604800.lc
 create mode 100644 Mrk501/Mrk501_86400.lc
 create mode 100644 Mrk501/Mrk501_daily_FLUX_1000_300000_last100days.png
 create mode 100644 Mrk501/Mrk501_daily_FLUX_1000_300000_last100days.txt
 create mode 100644 Mrk501/Mrk501_daily_FLUX_100_300000_last100days.png
 create mode 100644 Mrk501/Mrk501_daily_FLUX_100_300000_last100days.txt
 create mode 100644 Mrk501/Mrk501_weekly_FLUX_1000_300000_last100days.png
 create mode 100644 Mrk501/Mrk501_weekly_FLUX_1000_300000_last100days.txt
 create mode 100644 Mrk501/Mrk501_weekly_FLUX_100_300000_last100days.png
 create mode 100644 Mrk501/Mrk501_weekly_FLUX_100_300000_last100days.txt
 create mode 100644 Mrk501/Swift_Mrk501.txt
 create mode 100644 Mrk501/index.html
 create mode 100644 NGC1275/NGC1275_604800.lc
 create mode 100644 NGC1275/NGC1275_86400.lc
 create mode 100644 NGC1275/NGC1275_daily_FLUX_1000_300000_last100days.png
 create mode 100644 NGC1275/NGC1275_daily_FLUX_1000_300000_last100days.txt
 create mode 100644 NGC1275/NGC1275_daily_FLUX_100_300000_last100days.png
 create mode 100644 NGC1275/NGC1275_daily_FLUX_100_300000_last100days.txt
 create mode 100644 NGC1275/NGC1275_weekly_FLUX_1000_300000_last100days.png
 create mode 100644 NGC1275/NGC1275_weekly_FLUX_1000_300000_last100days.txt
 create mode 100644 NGC1275/NGC1275_weekly_FLUX_100_300000_last100days.png
 create mode 100644 NGC1275/NGC1275_weekly_FLUX_100_300000_last100days.txt
 create mode 100644 NGC1275/Swift_NGC1275.txt
 create mode 100644 NGC1275/index.html
 create mode 100644 NRAO190/PKS0458-02_604800.lc
 create mode 100644 NRAO190/PKS0458-02_86400.lc
 create mode 100644 NRAO190/PKS0458-02_daily_FLUX_1000_300000_last100days.png
 create mode 100644 NRAO190/PKS0458-02_daily_FLUX_1000_300000_last100days.txt
 create mode 100644 NRAO190/PKS0458-02_daily_FLUX_100_300000_last100days.png
 create mode 100644 NRAO190/PKS0458-02_daily_FLUX_100_300000_last100days.txt
 create mode 100644 NRAO190/PKS0458-02_weekly_FLUX_1000_300000_last100days.png
 create mode 100644 NRAO190/PKS0458-02_weekly_FLUX_1000_300000_last100days.txt
 create mode 100644 NRAO190/PKS0458-02_weekly_FLUX_100_300000_last100days.png
 create mode 100644 NRAO190/PKS0458-02_weekly_FLUX_100_300000_last100days.txt
 create mode 100644 NRAO190/Swift_PKS0458-02.txt
 create mode 100644 NRAO190/index.html
 create mode 100644 OG050/OG050_604800.lc
 create mode 100644 OG050/OG050_86400.lc
 create mode 100644 OG050/OG050_daily_FLUX_1000_300000_last100days.png
 create mode 100644 OG050/OG050_daily_FLUX_1000_300000_last100days.txt
 create mode 100644 OG050/OG050_daily_FLUX_100_300000_last100days.png
 create mode 100644 OG050/OG050_daily_FLUX_100_300000_last100days.txt
 create mode 100644 OG050/OG050_weekly_FLUX_1000_300000_last100days.png
 create mode 100644 OG050/OG050_weekly_FLUX_1000_300000_last100days.txt
 create mode 100644 OG050/OG050_weekly_FLUX_100_300000_last100days.png
 create mode 100644 OG050/OG050_weekly_FLUX_100_300000_last100days.txt
 create mode 100644 OG050/index.html
 create mode 100644 OI280/OI280_604800.lc
 create mode 100644 OI280/OI280_86400.lc
 create mode 100644 OI280/OI280_daily_FLUX_1000_300000_last100days.png
 create mode 100644 OI280/OI280_daily_FLUX_1000_300000_last100days.txt
 create mode 100644 OI280/OI280_daily_FLUX_100_300000_last100days.png
 create mode 100644 OI280/OI280_daily_FLUX_100_300000_last100days.txt
 create mode 100644 OI280/OI280_weekly_FLUX_1000_300000_last100days.png
 create mode 100644 OI280/OI280_weekly_FLUX_1000_300000_last100days.txt
 create mode 100644 OI280/OI280_weekly_FLUX_100_300000_last100days.png
 create mode 100644 OI280/OI280_weekly_FLUX_100_300000_last100days.txt
 create mode 100644 OI280/index.html
 create mode 100644 OJ287/OJ287_604800.lc
 create mode 100644 OJ287/OJ287_86400.lc
 create mode 100644 OJ287/OJ287_daily_FLUX_1000_300000_last100days.png
 create mode 100644 OJ287/OJ287_daily_FLUX_1000_300000_last100days.txt
 create mode 100644 OJ287/OJ287_daily_FLUX_100_300000_last100days.png
 create mode 100644 OJ287/OJ287_daily_FLUX_100_300000_last100days.txt
 create mode 100644 OJ287/OJ287_weekly_FLUX_1000_300000_last100days.png
 create mode 100644 OJ287/OJ287_weekly_FLUX_1000_300000_last100days.txt
 create mode 100644 OJ287/OJ287_weekly_FLUX_100_300000_last100days.png
 create mode 100644 OJ287/OJ287_weekly_FLUX_100_300000_last100days.txt
 create mode 100644 OJ287/Swift_OJ287.txt
 create mode 100644 OJ287/index.html
 create mode 100644 OK+630/OK+630_604800.lc
 create mode 100644 OK+630/OK+630_86400.lc
 create mode 100644 OK+630/OK+630_daily_FLUX_1000_300000_last100days.png
 create mode 100644 OK+630/OK+630_daily_FLUX_1000_300000_last100days.txt
 create mode 100644 OK+630/OK+630_daily_FLUX_100_300000_last100days.png
 create mode 100644 OK+630/OK+630_daily_FLUX_100_300000_last100days.txt
 create mode 100644 OK+630/OK+630_weekly_FLUX_1000_300000_last100days.png
 create mode 100644 OK+630/OK+630_weekly_FLUX_1000_300000_last100days.txt
 create mode 100644 OK+630/OK+630_weekly_FLUX_100_300000_last100days.png
 create mode 100644 OK+630/OK+630_weekly_FLUX_100_300000_last100days.txt
 create mode 100644 OK+630/index.html
 create mode 100644 OS300/OS300_604800.lc
 create mode 100644 OS300/OS300_86400.lc
 create mode 100644 OS300/OS300_daily_FLUX_1000_300000_last100days.png
 create mode 100644 OS300/OS300_daily_FLUX_1000_300000_last100days.txt
 create mode 100644 OS300/OS300_daily_FLUX_100_300000_last100days.png
 create mode 100644 OS300/OS300_daily_FLUX_100_300000_last100days.txt
 create mode 100644 OS300/OS300_weekly_FLUX_1000_300000_last100days.png
 create mode 100644 OS300/OS300_weekly_FLUX_1000_300000_last100days.txt
 create mode 100644 OS300/OS300_weekly_FLUX_100_300000_last100days.png
 create mode 100644 OS300/OS300_weekly_FLUX_100_300000_last100days.txt
 create mode 100644 OS300/Swift_OS300.txt
 create mode 100644 OS300/index.html
 create mode 100644 OT081/OT081_604800.lc
 create mode 100644 OT081/OT081_86400.lc
 create mode 100644 OT081/OT081_daily_FLUX_1000_300000_last100days.png
 create mode 100644 OT081/OT081_daily_FLUX_1000_300000_last100days.txt
 create mode 100644 OT081/OT081_daily_FLUX_100_300000_last100days.png
 create mode 100644 OT081/OT081_daily_FLUX_100_300000_last100days.txt
 create mode 100644 OT081/OT081_weekly_FLUX_1000_300000_last100days.png
 create mode 100644 OT081/OT081_weekly_FLUX_1000_300000_last100days.txt
 create mode 100644 OT081/OT081_weekly_FLUX_100_300000_last100days.png
 create mode 100644 OT081/OT081_weekly_FLUX_100_300000_last100days.txt
 create mode 100644 OT081/Swift_OT081.txt
 create mode 100644 OT081/index.html
 create mode 100644 OT355/OT355_604800.lc
 create mode 100644 OT355/OT355_86400.lc
 create mode 100644 OT355/OT355_daily_FLUX_1000_300000_last100days.png
 create mode 100644 OT355/OT355_daily_FLUX_1000_300000_last100days.txt
 create mode 100644 OT355/OT355_daily_FLUX_100_300000_last100days.png
 create mode 100644 OT355/OT355_daily_FLUX_100_300000_last100days.txt
 create mode 100644 OT355/OT355_weekly_FLUX_1000_300000_last100days.png
 create mode 100644 OT355/OT355_weekly_FLUX_1000_300000_last100days.txt
 create mode 100644 OT355/OT355_weekly_FLUX_100_300000_last100days.png
 create mode 100644 OT355/OT355_weekly_FLUX_100_300000_last100days.txt
 create mode 100644 OT355/index.html
 create mode 100644 OX169/OX169_604800.lc
 create mode 100644 OX169/OX169_86400.lc
 create mode 100644 OX169/OX169_daily_FLUX_1000_300000_last100days.png
 create mode 100644 OX169/OX169_daily_FLUX_1000_300000_last100days.txt
 create mode 100644 OX169/OX169_daily_FLUX_100_300000_last100days.png
 create mode 100644 OX169/OX169_daily_FLUX_100_300000_last100days.txt
 create mode 100644 OX169/OX169_weekly_FLUX_1000_300000_last100days.png
 create mode 100644 OX169/OX169_weekly_FLUX_1000_300000_last100days.txt
 create mode 100644 OX169/OX169_weekly_FLUX_100_300000_last100days.png
 create mode 100644 OX169/OX169_weekly_FLUX_100_300000_last100days.txt
 create mode 100644 OX169/Swift_OX169.txt
 create mode 100644 OX169/index.html
 create mode 100644 PG1553+113/PG1553+113_604800.lc
 create mode 100644 PG1553+113/PG1553+113_86400.lc
 create mode 100644 PG1553+113/PG1553+113_daily_FLUX_1000_300000_last100days.png
 create mode 100644 PG1553+113/PG1553+113_daily_FLUX_1000_300000_last100days.txt
 create mode 100644 PG1553+113/PG1553+113_daily_FLUX_100_300000_last100days.png
 create mode 100644 PG1553+113/PG1553+113_daily_FLUX_100_300000_last100days.txt
 create mode 100644 PG1553+113/PG1553+113_weekly_FLUX_1000_300000_last100days.png
 create mode 100644 PG1553+113/PG1553+113_weekly_FLUX_1000_300000_last100days.txt
 create mode 100644 PG1553+113/PG1553+113_weekly_FLUX_100_300000_last100days.png
 create mode 100644 PG1553+113/PG1553+113_weekly_FLUX_100_300000_last100days.txt
 create mode 100644 PG1553+113/Swift_PG1553+113.txt
 create mode 100644 PG1553+113/index.html
 create mode 100644 PKS0336-01/PKS0336-01_604800.lc
 create mode 100644 PKS0336-01/PKS0336-01_86400.lc
 create mode 100644 PKS0336-01/PKS0336-01_daily_FLUX_1000_300000_last100days.png
 create mode 100644 PKS0336-01/PKS0336-01_daily_FLUX_1000_300000_last100days.txt
 create mode 100644 PKS0336-01/PKS0336-01_daily_FLUX_100_300000_last100days.png
 create mode 100644 PKS0336-01/PKS0336-01_daily_FLUX_100_300000_last100days.txt
 create mode 100644 PKS0336-01/PKS0336-01_weekly_FLUX_1000_300000_last100days.png
 create mode 100644 PKS0336-01/PKS0336-01_weekly_FLUX_1000_300000_last100days.txt
 create mode 100644 PKS0336-01/PKS0336-01_weekly_FLUX_100_300000_last100days.png
 create mode 100644 PKS0336-01/PKS0336-01_weekly_FLUX_100_300000_last100days.txt
 create mode 100644 PKS0336-01/Swift_PKS0336-01.txt
 create mode 100644 PKS0336-01/index.html
 create mode 100644 PKS0502+049/PKS0502+049_604800.lc
 create mode 100644 PKS0502+049/PKS0502+049_86400.lc
 create mode 100644 PKS0502+049/PKS0502+049_daily_FLUX_1000_300000_last100days.png
 create mode 100644 PKS0502+049/PKS0502+049_daily_FLUX_1000_300000_last100days.txt
 create mode 100644 PKS0502+049/PKS0502+049_daily_FLUX_100_300000_last100days.png
 create mode 100644 PKS0502+049/PKS0502+049_daily_FLUX_100_300000_last100days.txt
 create mode 100644 PKS0502+049/PKS0502+049_weekly_FLUX_1000_300000_last100days.png
 create mode 100644 PKS0502+049/PKS0502+049_weekly_FLUX_1000_300000_last100days.txt
 create mode 100644 PKS0502+049/PKS0502+049_weekly_FLUX_100_300000_last100days.png
 create mode 100644 PKS0502+049/PKS0502+049_weekly_FLUX_100_300000_last100days.txt
 create mode 100644 PKS0502+049/Swift_PKS0502+049.txt
 create mode 100644 PKS0502+049/index.html
 create mode 100644 PKS0507+17/PKS0507+17_604800.lc
 create mode 100644 PKS0507+17/PKS0507+17_86400.lc
 create mode 100644 PKS0507+17/PKS0507+17_daily_FLUX_1000_300000_last100days.png
 create mode 100644 PKS0507+17/PKS0507+17_daily_FLUX_1000_300000_last100days.txt
 create mode 100644 PKS0507+17/PKS0507+17_daily_FLUX_100_300000_last100days.png
 create mode 100644 PKS0507+17/PKS0507+17_daily_FLUX_100_300000_last100days.txt
 create mode 100644 PKS0507+17/PKS0507+17_weekly_FLUX_1000_300000_last100days.png
 create mode 100644 PKS0507+17/PKS0507+17_weekly_FLUX_1000_300000_last100days.txt
 create mode 100644 PKS0507+17/PKS0507+17_weekly_FLUX_100_300000_last100days.png
 create mode 100644 PKS0507+17/PKS0507+17_weekly_FLUX_100_300000_last100days.txt
 create mode 100644 PKS0507+17/Swift_PKS0507+17.txt
 create mode 100644 PKS0507+17/index.html
 create mode 100644 PKS0736+01/PKS0736+01_604800.lc
 create mode 100644 PKS0736+01/PKS0736+01_86400.lc
 create mode 100644 PKS0736+01/PKS0736+01_daily_FLUX_1000_300000_last100days.png
 create mode 100644 PKS0736+01/PKS0736+01_daily_FLUX_1000_300000_last100days.txt
 create mode 100644 PKS0736+01/PKS0736+01_daily_FLUX_100_300000_last100days.png
 create mode 100644 PKS0736+01/PKS0736+01_daily_FLUX_100_300000_last100days.txt
 create mode 100644 PKS0736+01/PKS0736+01_weekly_FLUX_1000_300000_last100days.png
 create mode 100644 PKS0736+01/PKS0736+01_weekly_FLUX_1000_300000_last100days.txt
 create mode 100644 PKS0736+01/PKS0736+01_weekly_FLUX_100_300000_last100days.png
 create mode 100644 PKS0736+01/PKS0736+01_weekly_FLUX_100_300000_last100days.txt
 create mode 100644 PKS0736+01/Swift_PKS0736+01.txt
 create mode 100644 PKS0736+01/index.html
 create mode 100644 PKS1725+123/PKS1725+123_604800.lc
 create mode 100644 PKS1725+123/PKS1725+123_86400.lc
 create mode 100644 PKS1725+123/PKS1725+123_daily_FLUX_1000_300000_last100days.png
 create mode 100644 PKS1725+123/PKS1725+123_daily_FLUX_1000_300000_last100days.txt
 create mode 100644 PKS1725+123/PKS1725+123_daily_FLUX_100_300000_last100days.png
 create mode 100644 PKS1725+123/PKS1725+123_daily_FLUX_100_300000_last100days.txt
 create mode 100644 PKS1725+123/PKS1725+123_weekly_FLUX_1000_300000_last100days.png
 create mode 100644 PKS1725+123/PKS1725+123_weekly_FLUX_1000_300000_last100days.txt
 create mode 100644 PKS1725+123/PKS1725+123_weekly_FLUX_100_300000_last100days.png
 create mode 100644 PKS1725+123/PKS1725+123_weekly_FLUX_100_300000_last100days.txt
 create mode 100644 PKS1725+123/index.html
 create mode 100644 PKS2023-07/PKS2023-07_604800.lc
 create mode 100644 PKS2023-07/PKS2023-07_86400.lc
 create mode 100644 PKS2023-07/PKS2023-07_daily_FLUX_1000_300000_last100days.png
 create mode 100644 PKS2023-07/PKS2023-07_daily_FLUX_1000_300000_last100days.txt
 create mode 100644 PKS2023-07/PKS2023-07_daily_FLUX_100_300000_last100days.png
 create mode 100644 PKS2023-07/PKS2023-07_daily_FLUX_100_300000_last100days.txt
 create mode 100644 PKS2023-07/PKS2023-07_weekly_FLUX_1000_300000_last100days.png
 create mode 100644 PKS2023-07/PKS2023-07_weekly_FLUX_1000_300000_last100days.txt
 create mode 100644 PKS2023-07/PKS2023-07_weekly_FLUX_100_300000_last100days.png
 create mode 100644 PKS2023-07/PKS2023-07_weekly_FLUX_100_300000_last100days.txt
 create mode 100644 PKS2023-07/Swift_PKS2023-07.txt
 create mode 100644 PKS2023-07/index.html
 create mode 100644 PKS2032+107/PKS2032+107_604800.lc
 create mode 100644 PKS2032+107/PKS2032+107_86400.lc
 create mode 100644 PKS2032+107/PKS2032+107_daily_FLUX_1000_300000_last100days.png
 create mode 100644 PKS2032+107/PKS2032+107_daily_FLUX_1000_300000_last100days.txt
 create mode 100644 PKS2032+107/PKS2032+107_daily_FLUX_100_300000_last100days.png
 create mode 100644 PKS2032+107/PKS2032+107_daily_FLUX_100_300000_last100days.txt
 create mode 100644 PKS2032+107/PKS2032+107_weekly_FLUX_1000_300000_last100days.png
 create mode 100644 PKS2032+107/PKS2032+107_weekly_FLUX_1000_300000_last100days.txt
 create mode 100644 PKS2032+107/PKS2032+107_weekly_FLUX_100_300000_last100days.png
 create mode 100644 PKS2032+107/PKS2032+107_weekly_FLUX_100_300000_last100days.txt
 create mode 100644 PKS2032+107/Swift_PKS2032+107.txt
 create mode 100644 PKS2032+107/index.html
 create mode 100644 PKS2144+092/PKS2144+092_604800.lc
 create mode 100644 PKS2144+092/PKS2144+092_86400.lc
 create mode 100644 PKS2144+092/PKS2144+092_daily_FLUX_1000_300000_last100days.png
 create mode 100644 PKS2144+092/PKS2144+092_daily_FLUX_1000_300000_last100days.txt
 create mode 100644 PKS2144+092/PKS2144+092_daily_FLUX_100_300000_last100days.png
 create mode 100644 PKS2144+092/PKS2144+092_daily_FLUX_100_300000_last100days.txt
 create mode 100644 PKS2144+092/PKS2144+092_weekly_FLUX_1000_300000_last100days.png
 create mode 100644 PKS2144+092/PKS2144+092_weekly_FLUX_1000_300000_last100days.txt
 create mode 100644 PKS2144+092/PKS2144+092_weekly_FLUX_100_300000_last100days.png
 create mode 100644 PKS2144+092/PKS2144+092_weekly_FLUX_100_300000_last100days.txt
 create mode 100644 PKS2144+092/Swift_PKS2144+092.txt
 create mode 100644 PKS2144+092/index.html
 create mode 100644 PKS2246+208/PKS2246+208_604800.lc
 create mode 100644 PKS2246+208/PKS2246+208_86400.lc
 create mode 100644 PKS2246+208/PKS2246+208_daily_FLUX_1000_300000_last100days.png
 create mode 100644 PKS2246+208/PKS2246+208_daily_FLUX_1000_300000_last100days.txt
 create mode 100644 PKS2246+208/PKS2246+208_daily_FLUX_100_300000_last100days.png
 create mode 100644 PKS2246+208/PKS2246+208_daily_FLUX_100_300000_last100days.txt
 create mode 100644 PKS2246+208/PKS2246+208_weekly_FLUX_1000_300000_last100days.png
 create mode 100644 PKS2246+208/PKS2246+208_weekly_FLUX_1000_300000_last100days.txt
 create mode 100644 PKS2246+208/PKS2246+208_weekly_FLUX_100_300000_last100days.png
 create mode 100644 PKS2246+208/PKS2246+208_weekly_FLUX_100_300000_last100days.txt
 create mode 100644 PKS2246+208/index.html
 create mode 100644 PKS2320-035/PKS2320-035_604800.lc
 create mode 100644 PKS2320-035/PKS2320-035_86400.lc
 create mode 100644 PKS2320-035/PKS2320-035_daily_FLUX_1000_300000_last100days.png
 create mode 100644 PKS2320-035/PKS2320-035_daily_FLUX_1000_300000_last100days.txt
 create mode 100644 PKS2320-035/PKS2320-035_daily_FLUX_100_300000_last100days.png
 create mode 100644 PKS2320-035/PKS2320-035_daily_FLUX_100_300000_last100days.txt
 create mode 100644 PKS2320-035/PKS2320-035_weekly_FLUX_1000_300000_last100days.png
 create mode 100644 PKS2320-035/PKS2320-035_weekly_FLUX_1000_300000_last100days.txt
 create mode 100644 PKS2320-035/PKS2320-035_weekly_FLUX_100_300000_last100days.png
 create mode 100644 PKS2320-035/PKS2320-035_weekly_FLUX_100_300000_last100days.txt
 create mode 100644 PKS2320-035/Swift_PKS2320-035.txt
 create mode 100644 PKS2320-035/index.html
 create mode 100644 PKSB0906+015/PKSB0906+015_604800.lc
 create mode 100644 PKSB0906+015/PKSB0906+015_86400.lc
 create mode 100644 PKSB0906+015/PKSB0906+015_daily_FLUX_1000_300000_last100days.png
 create mode 100644 PKSB0906+015/PKSB0906+015_daily_FLUX_1000_300000_last100days.txt
 create mode 100644 PKSB0906+015/PKSB0906+015_daily_FLUX_100_300000_last100days.png
 create mode 100644 PKSB0906+015/PKSB0906+015_daily_FLUX_100_300000_last100days.txt
 create mode 100644 PKSB0906+015/PKSB0906+015_weekly_FLUX_1000_300000_last100days.png
 create mode 100644 PKSB0906+015/PKSB0906+015_weekly_FLUX_1000_300000_last100days.txt
 create mode 100644 PKSB0906+015/PKSB0906+015_weekly_FLUX_100_300000_last100days.png
 create mode 100644 PKSB0906+015/PKSB0906+015_weekly_FLUX_100_300000_last100days.txt
 create mode 100644 PKSB0906+015/Swift_PKSB0906+015.txt
 create mode 100644 PKSB0906+015/index.html
 create mode 100644 PKSB2258-022/PKSB2258-022_604800.lc
 create mode 100644 PKSB2258-022/PKSB2258-022_86400.lc
 create mode 100644 PKSB2258-022/PKSB2258-022_daily_FLUX_1000_300000_last100days.png
 create mode 100644 PKSB2258-022/PKSB2258-022_daily_FLUX_1000_300000_last100days.txt
 create mode 100644 PKSB2258-022/PKSB2258-022_daily_FLUX_100_300000_last100days.png
 create mode 100644 PKSB2258-022/PKSB2258-022_daily_FLUX_100_300000_last100days.txt
 create mode 100644 PKSB2258-022/PKSB2258-022_weekly_FLUX_1000_300000_last100days.png
 create mode 100644 PKSB2258-022/PKSB2258-022_weekly_FLUX_1000_300000_last100days.txt
 create mode 100644 PKSB2258-022/PKSB2258-022_weekly_FLUX_100_300000_last100days.png
 create mode 100644 PKSB2258-022/PKSB2258-022_weekly_FLUX_100_300000_last100days.txt
 create mode 100644 PKSB2258-022/index.html
 create mode 100644 PMNJ0017-0512/PMNJ0017-0512_604800.lc
 create mode 100644 PMNJ0017-0512/PMNJ0017-0512_86400.lc
 create mode 100644 PMNJ0017-0512/PMNJ0017-0512_daily_FLUX_1000_300000_last100days.png
 create mode 100644 PMNJ0017-0512/PMNJ0017-0512_daily_FLUX_1000_300000_last100days.txt
 create mode 100644 PMNJ0017-0512/PMNJ0017-0512_daily_FLUX_100_300000_last100days.png
 create mode 100644 PMNJ0017-0512/PMNJ0017-0512_daily_FLUX_100_300000_last100days.txt
 create mode 100644 PMNJ0017-0512/PMNJ0017-0512_weekly_FLUX_1000_300000_last100days.png
 create mode 100644 PMNJ0017-0512/PMNJ0017-0512_weekly_FLUX_1000_300000_last100days.txt
 create mode 100644 PMNJ0017-0512/PMNJ0017-0512_weekly_FLUX_100_300000_last100days.png
 create mode 100644 PMNJ0017-0512/PMNJ0017-0512_weekly_FLUX_100_300000_last100days.txt
 create mode 100644 PMNJ0017-0512/Swift_PMNJ0017-0512.txt
 create mode 100644 PMNJ0017-0512/index.html
 create mode 100644 README.md
 create mode 100644 RSOph/RSOph_604800.lc
 create mode 100644 RSOph/RSOph_86400.lc
 create mode 100644 RSOph/RSOph_daily_FLUX_1000_300000_last100days.png
 create mode 100644 RSOph/RSOph_daily_FLUX_1000_300000_last100days.txt
 create mode 100644 RSOph/RSOph_daily_FLUX_100_300000_last100days.png
 create mode 100644 RSOph/RSOph_daily_FLUX_100_300000_last100days.txt
 create mode 100644 RSOph/RSOph_weekly_FLUX_1000_300000_last100days.png
 create mode 100644 RSOph/RSOph_weekly_FLUX_1000_300000_last100days.txt
 create mode 100644 RSOph/RSOph_weekly_FLUX_100_300000_last100days.png
 create mode 100644 RSOph/RSOph_weekly_FLUX_100_300000_last100days.txt
 create mode 100644 RSOph/index.html
 create mode 100644 S30218+35/S30218+35_604800.lc
 create mode 100644 S30218+35/S30218+35_86400.lc
 create mode 100644 S30218+35/S30218+35_daily_FLUX_1000_300000_last100days.png
 create mode 100644 S30218+35/S30218+35_daily_FLUX_1000_300000_last100days.txt
 create mode 100644 S30218+35/S30218+35_daily_FLUX_100_300000_last100days.png
 create mode 100644 S30218+35/S30218+35_daily_FLUX_100_300000_last100days.txt
 create mode 100644 S30218+35/S30218+35_weekly_FLUX_1000_300000_last100days.png
 create mode 100644 S30218+35/S30218+35_weekly_FLUX_1000_300000_last100days.txt
 create mode 100644 S30218+35/S30218+35_weekly_FLUX_100_300000_last100days.png
 create mode 100644 S30218+35/S30218+35_weekly_FLUX_100_300000_last100days.txt
 create mode 100644 S30218+35/Swift_S30218+35.txt
 create mode 100644 S30218+35/index.html
 create mode 100644 S41726+45/S41726+45_604800.lc
 create mode 100644 S41726+45/S41726+45_86400.lc
 create mode 100644 S41726+45/S41726+45_daily_FLUX_1000_300000_last100days.png
 create mode 100644 S41726+45/S41726+45_daily_FLUX_1000_300000_last100days.txt
 create mode 100644 S41726+45/S41726+45_daily_FLUX_100_300000_last100days.png
 create mode 100644 S41726+45/S41726+45_daily_FLUX_100_300000_last100days.txt
 create mode 100644 S41726+45/S41726+45_weekly_FLUX_1000_300000_last100days.png
 create mode 100644 S41726+45/S41726+45_weekly_FLUX_1000_300000_last100days.txt
 create mode 100644 S41726+45/S41726+45_weekly_FLUX_100_300000_last100days.png
 create mode 100644 S41726+45/S41726+45_weekly_FLUX_100_300000_last100days.txt
 create mode 100644 S41726+45/index.html
 create mode 100644 S41749+70/S41749+70_604800.lc
 create mode 100644 S41749+70/S41749+70_86400.lc
 create mode 100644 S41749+70/S41749+70_daily_FLUX_1000_300000_last100days.png
 create mode 100644 S41749+70/S41749+70_daily_FLUX_1000_300000_last100days.txt
 create mode 100644 S41749+70/S41749+70_daily_FLUX_100_300000_last100days.png
 create mode 100644 S41749+70/S41749+70_daily_FLUX_100_300000_last100days.txt
 create mode 100644 S41749+70/S41749+70_weekly_FLUX_1000_300000_last100days.png
 create mode 100644 S41749+70/S41749+70_weekly_FLUX_1000_300000_last100days.txt
 create mode 100644 S41749+70/S41749+70_weekly_FLUX_100_300000_last100days.png
 create mode 100644 S41749+70/S41749+70_weekly_FLUX_100_300000_last100days.txt
 create mode 100644 S41749+70/Swift_S41749+70.txt
 create mode 100644 S41749+70/index.html
 create mode 100644 S41800+44/S41800+44_604800.lc
 create mode 100644 S41800+44/S41800+44_86400.lc
 create mode 100644 S41800+44/S41800+44_daily_FLUX_1000_300000_last100days.png
 create mode 100644 S41800+44/S41800+44_daily_FLUX_1000_300000_last100days.txt
 create mode 100644 S41800+44/S41800+44_daily_FLUX_100_300000_last100days.png
 create mode 100644 S41800+44/S41800+44_daily_FLUX_100_300000_last100days.txt
 create mode 100644 S41800+44/S41800+44_weekly_FLUX_1000_300000_last100days.png
 create mode 100644 S41800+44/S41800+44_weekly_FLUX_1000_300000_last100days.txt
 create mode 100644 S41800+44/S41800+44_weekly_FLUX_100_300000_last100days.png
 create mode 100644 S41800+44/S41800+44_weekly_FLUX_100_300000_last100days.txt
 create mode 100644 S41800+44/Swift_S41800+44.txt
 create mode 100644 S41800+44/index.html
 create mode 100644 Swift_LCs.html
 create mode 100644 TCrB/TCrB_604800.lc
 create mode 100644 TCrB/TCrB_86400.lc
 create mode 100644 TCrB/TCrB_daily_FLUX_1000_300000_last100days.png
 create mode 100644 TCrB/TCrB_daily_FLUX_1000_300000_last100days.txt
 create mode 100644 TCrB/TCrB_daily_FLUX_100_300000_last100days.png
 create mode 100644 TCrB/TCrB_daily_FLUX_100_300000_last100days.txt
 create mode 100644 TCrB/TCrB_weekly_FLUX_1000_300000_last100days.png
 create mode 100644 TCrB/TCrB_weekly_FLUX_1000_300000_last100days.txt
 create mode 100644 TCrB/TCrB_weekly_FLUX_100_300000_last100days.png
 create mode 100644 TCrB/TCrB_weekly_FLUX_100_300000_last100days.txt
 create mode 100644 TCrB/index.html
 create mode 100644 TXS0059+581/Swift_TXS0059+581.txt
 create mode 100644 TXS0059+581/TXS0059+581_604800.lc
 create mode 100644 TXS0059+581/TXS0059+581_86400.lc
 create mode 100644 TXS0059+581/TXS0059+581_daily_FLUX_1000_300000_last100days.png
 create mode 100644 TXS0059+581/TXS0059+581_daily_FLUX_1000_300000_last100days.txt
 create mode 100644 TXS0059+581/TXS0059+581_daily_FLUX_100_300000_last100days.png
 create mode 100644 TXS0059+581/TXS0059+581_daily_FLUX_100_300000_last100days.txt
 create mode 100644 TXS0059+581/TXS0059+581_weekly_FLUX_1000_300000_last100days.png
 create mode 100644 TXS0059+581/TXS0059+581_weekly_FLUX_1000_300000_last100days.txt
 create mode 100644 TXS0059+581/TXS0059+581_weekly_FLUX_100_300000_last100days.png
 create mode 100644 TXS0059+581/TXS0059+581_weekly_FLUX_100_300000_last100days.txt
 create mode 100644 TXS0059+581/index.html
 create mode 100644 TXS0358+210/TXS0358+210_604800.lc
 create mode 100644 TXS0358+210/TXS0358+210_86400.lc
 create mode 100644 TXS0358+210/TXS0358+210_daily_FLUX_1000_300000_last100days.png
 create mode 100644 TXS0358+210/TXS0358+210_daily_FLUX_1000_300000_last100days.txt
 create mode 100644 TXS0358+210/TXS0358+210_daily_FLUX_100_300000_last100days.png
 create mode 100644 TXS0358+210/TXS0358+210_daily_FLUX_100_300000_last100days.txt
 create mode 100644 TXS0358+210/TXS0358+210_weekly_FLUX_1000_300000_last100days.png
 create mode 100644 TXS0358+210/TXS0358+210_weekly_FLUX_1000_300000_last100days.txt
 create mode 100644 TXS0358+210/TXS0358+210_weekly_FLUX_100_300000_last100days.png
 create mode 100644 TXS0358+210/TXS0358+210_weekly_FLUX_100_300000_last100days.txt
 create mode 100644 TXS0358+210/index.html
 create mode 100644 TXS1923+123/TXS1923+123_604800.lc
 create mode 100644 TXS1923+123/TXS1923+123_86400.lc
 create mode 100644 TXS1923+123/TXS1923+123_daily_FLUX_1000_300000_last100days.png
 create mode 100644 TXS1923+123/TXS1923+123_daily_FLUX_1000_300000_last100days.txt
 create mode 100644 TXS1923+123/TXS1923+123_daily_FLUX_100_300000_last100days.png
 create mode 100644 TXS1923+123/TXS1923+123_daily_FLUX_100_300000_last100days.txt
 create mode 100644 TXS1923+123/TXS1923+123_weekly_FLUX_1000_300000_last100days.png
 create mode 100644 TXS1923+123/TXS1923+123_weekly_FLUX_1000_300000_last100days.txt
 create mode 100644 TXS1923+123/TXS1923+123_weekly_FLUX_100_300000_last100days.png
 create mode 100644 TXS1923+123/TXS1923+123_weekly_FLUX_100_300000_last100days.txt
 create mode 100644 TXS1923+123/index.html
 create mode 100644 TXS2013+370/Swift_TXS2013+370.txt
 create mode 100644 TXS2013+370/TXS2013+370_604800.lc
 create mode 100644 TXS2013+370/TXS2013+370_86400.lc
 create mode 100644 TXS2013+370/TXS2013+370_daily_FLUX_1000_300000_last100days.png
 create mode 100644 TXS2013+370/TXS2013+370_daily_FLUX_1000_300000_last100days.txt
 create mode 100644 TXS2013+370/TXS2013+370_daily_FLUX_100_300000_last100days.png
 create mode 100644 TXS2013+370/TXS2013+370_daily_FLUX_100_300000_last100days.txt
 create mode 100644 TXS2013+370/TXS2013+370_weekly_FLUX_1000_300000_last100days.png
 create mode 100644 TXS2013+370/TXS2013+370_weekly_FLUX_1000_300000_last100days.txt
 create mode 100644 TXS2013+370/TXS2013+370_weekly_FLUX_100_300000_last100days.png
 create mode 100644 TXS2013+370/TXS2013+370_weekly_FLUX_100_300000_last100days.txt
 create mode 100644 TXS2013+370/index.html
 create mode 100644 TXS2032+117/TXS2032+117_604800.lc
 create mode 100644 TXS2032+117/TXS2032+117_86400.lc
 create mode 100644 TXS2032+117/TXS2032+117_daily_FLUX_1000_300000_last100days.png
 create mode 100644 TXS2032+117/TXS2032+117_daily_FLUX_1000_300000_last100days.txt
 create mode 100644 TXS2032+117/TXS2032+117_daily_FLUX_100_300000_last100days.png
 create mode 100644 TXS2032+117/TXS2032+117_daily_FLUX_100_300000_last100days.txt
 create mode 100644 TXS2032+117/TXS2032+117_weekly_FLUX_1000_300000_last100days.png
 create mode 100644 TXS2032+117/TXS2032+117_weekly_FLUX_1000_300000_last100days.txt
 create mode 100644 TXS2032+117/TXS2032+117_weekly_FLUX_100_300000_last100days.png
 create mode 100644 TXS2032+117/TXS2032+117_weekly_FLUX_100_300000_last100days.txt
 create mode 100644 TXS2032+117/index.html
 create mode 100644 TXS2138+527/TXS2138+527_604800.lc
 create mode 100644 TXS2138+527/TXS2138+527_86400.lc
 create mode 100644 TXS2138+527/TXS2138+527_daily_FLUX_1000_300000_last100days.png
 create mode 100644 TXS2138+527/TXS2138+527_daily_FLUX_1000_300000_last100days.txt
 create mode 100644 TXS2138+527/TXS2138+527_daily_FLUX_100_300000_last100days.png
 create mode 100644 TXS2138+527/TXS2138+527_daily_FLUX_100_300000_last100days.txt
 create mode 100644 TXS2138+527/TXS2138+527_weekly_FLUX_1000_300000_last100days.png
 create mode 100644 TXS2138+527/TXS2138+527_weekly_FLUX_1000_300000_last100days.txt
 create mode 100644 TXS2138+527/TXS2138+527_weekly_FLUX_100_300000_last100days.png
 create mode 100644 TXS2138+527/TXS2138+527_weekly_FLUX_100_300000_last100days.txt
 create mode 100644 TXS2138+527/index.html
 create mode 100644 TXS2241+406/Swift_TXS2241+406.txt
 create mode 100644 TXS2241+406/TXS2241+406_604800.lc
 create mode 100644 TXS2241+406/TXS2241+406_86400.lc
 create mode 100644 TXS2241+406/TXS2241+406_daily_FLUX_1000_300000_last100days.png
 create mode 100644 TXS2241+406/TXS2241+406_daily_FLUX_1000_300000_last100days.txt
 create mode 100644 TXS2241+406/TXS2241+406_daily_FLUX_100_300000_last100days.png
 create mode 100644 TXS2241+406/TXS2241+406_daily_FLUX_100_300000_last100days.txt
 create mode 100644 TXS2241+406/TXS2241+406_weekly_FLUX_1000_300000_last100days.png
 create mode 100644 TXS2241+406/TXS2241+406_weekly_FLUX_1000_300000_last100days.txt
 create mode 100644 TXS2241+406/TXS2241+406_weekly_FLUX_100_300000_last100days.png
 create mode 100644 TXS2241+406/TXS2241+406_weekly_FLUX_100_300000_last100days.txt
 create mode 100644 TXS2241+406/index.html
 create mode 100644 TXS2358+209/TXS2358+209_604800.lc
 create mode 100644 TXS2358+209/TXS2358+209_86400.lc
 create mode 100644 TXS2358+209/TXS2358+209_daily_FLUX_1000_300000_last100days.png
 create mode 100644 TXS2358+209/TXS2358+209_daily_FLUX_1000_300000_last100days.txt
 create mode 100644 TXS2358+209/TXS2358+209_daily_FLUX_100_300000_last100days.png
 create mode 100644 TXS2358+209/TXS2358+209_daily_FLUX_100_300000_last100days.txt
 create mode 100644 TXS2358+209/TXS2358+209_weekly_FLUX_1000_300000_last100days.png
 create mode 100644 TXS2358+209/TXS2358+209_weekly_FLUX_1000_300000_last100days.txt
 create mode 100644 TXS2358+209/TXS2358+209_weekly_FLUX_100_300000_last100days.png
 create mode 100644 TXS2358+209/TXS2358+209_weekly_FLUX_100_300000_last100days.txt
 create mode 100644 TXS2358+209/index.html
 create mode 100644 VER0521+211/Swift_VER0521+211.txt
 create mode 100644 VER0521+211/VER0521+211_604800.lc
 create mode 100644 VER0521+211/VER0521+211_86400.lc
 create mode 100644 VER0521+211/VER0521+211_daily_FLUX_1000_300000_last100days.png
 create mode 100644 VER0521+211/VER0521+211_daily_FLUX_1000_300000_last100days.txt
 create mode 100644 VER0521+211/VER0521+211_daily_FLUX_100_300000_last100days.png
 create mode 100644 VER0521+211/VER0521+211_daily_FLUX_100_300000_last100days.txt
 create mode 100644 VER0521+211/VER0521+211_weekly_FLUX_1000_300000_last100days.png
 create mode 100644 VER0521+211/VER0521+211_weekly_FLUX_1000_300000_last100days.txt
 create mode 100644 VER0521+211/VER0521+211_weekly_FLUX_100_300000_last100days.png
 create mode 100644 VER0521+211/VER0521+211_weekly_FLUX_100_300000_last100days.txt
 create mode 100644 VER0521+211/index.html
 create mode 100644 github-latlcs-deploy.log
 create mode 100644 index.html
 create mode 100644 makeLATLCSite.log
To github-latlcs:UCD-HEAP/BAR.git
 + d441fd9...6e8774f gh-pages -> gh-pages (forced update)
=== Run finished: Tue Sep 22 16:32:05 IST 2026 ===
=== Run started: Wed Sep 23 16:31:51 IST 2026 ===
[gh-pages cbb4003] Auto-deploy: 2026-09-23T15:31:53Z
 Date: Mon Sep 14 17:45:15 2026 +0100
 969 files changed, 136057 insertions(+)
 create mode 100644 0235+164/0235+164_604800.lc
 create mode 100644 0235+164/0235+164_86400.lc
 create mode 100644 0235+164/0235+164_daily_FLUX_1000_300000_last100days.png
 create mode 100644 0235+164/0235+164_daily_FLUX_1000_300000_last100days.txt
 create mode 100644 0235+164/0235+164_daily_FLUX_100_300000_last100days.png
 create mode 100644 0235+164/0235+164_daily_FLUX_100_300000_last100days.txt
 create mode 100644 0235+164/0235+164_weekly_FLUX_1000_300000_last100days.png
 create mode 100644 0235+164/0235+164_weekly_FLUX_1000_300000_last100days.txt
 create mode 100644 0235+164/0235+164_weekly_FLUX_100_300000_last100days.png
 create mode 100644 0235+164/0235+164_weekly_FLUX_100_300000_last100days.txt
 create mode 100644 0235+164/Swift_0235+164.txt
 create mode 100644 0235+164/index.html
 create mode 100644 0716+714/0716+714_604800.lc
 create mode 100644 0716+714/0716+714_86400.lc
 create mode 100644 0716+714/0716+714_daily_FLUX_1000_300000_last100days.png
 create mode 100644 0716+714/0716+714_daily_FLUX_1000_300000_last100days.txt
 create mode 100644 0716+714/0716+714_daily_FLUX_100_300000_last100days.png
 create mode 100644 0716+714/0716+714_daily_FLUX_100_300000_last100days.txt
 create mode 100644 0716+714/0716+714_weekly_FLUX_1000_300000_last100days.png
 create mode 100644 0716+714/0716+714_weekly_FLUX_1000_300000_last100days.txt
 create mode 100644 0716+714/0716+714_weekly_FLUX_100_300000_last100days.png
 create mode 100644 0716+714/0716+714_weekly_FLUX_100_300000_last100days.txt
 create mode 100644 0716+714/Swift_0716+714.txt
 create mode 100644 0716+714/index.html
 create mode 100644 0827+243/0827+243_604800.lc
 create mode 100644 0827+243/0827+243_86400.lc
 create mode 100644 0827+243/0827+243_daily_FLUX_1000_300000_last100days.png
 create mode 100644 0827+243/0827+243_daily_FLUX_1000_300000_last100days.txt
 create mode 100644 0827+243/0827+243_daily_FLUX_100_300000_last100days.png
 create mode 100644 0827+243/0827+243_daily_FLUX_100_300000_last100days.txt
 create mode 100644 0827+243/0827+243_weekly_FLUX_1000_300000_last100days.png
 create mode 100644 0827+243/0827+243_weekly_FLUX_1000_300000_last100days.txt
 create mode 100644 0827+243/0827+243_weekly_FLUX_100_300000_last100days.png
 create mode 100644 0827+243/0827+243_weekly_FLUX_100_300000_last100days.txt
 create mode 100644 0827+243/Swift_0827+243.txt
 create mode 100644 0827+243/index.html
 create mode 100644 0FGLJ1641.4+3939/0FGLJ1641.4+3939_604800.lc
 create mode 100644 0FGLJ1641.4+3939/0FGLJ1641.4+3939_86400.lc
 create mode 100644 0FGLJ1641.4+3939/0FGLJ1641.4+3939_daily_FLUX_1000_300000_last100days.png
 create mode 100644 0FGLJ1641.4+3939/0FGLJ1641.4+3939_daily_FLUX_1000_300000_last100days.txt
 create mode 100644 0FGLJ1641.4+3939/0FGLJ1641.4+3939_daily_FLUX_100_300000_last100days.png
 create mode 100644 0FGLJ1641.4+3939/0FGLJ1641.4+3939_daily_FLUX_100_300000_last100days.txt
 create mode 100644 0FGLJ1641.4+3939/0FGLJ1641.4+3939_weekly_FLUX_1000_300000_last100days.png
 create mode 100644 0FGLJ1641.4+3939/0FGLJ1641.4+3939_weekly_FLUX_1000_300000_last100days.txt
 create mode 100644 0FGLJ1641.4+3939/0FGLJ1641.4+3939_weekly_FLUX_100_300000_last100days.png
 create mode 100644 0FGLJ1641.4+3939/0FGLJ1641.4+3939_weekly_FLUX_100_300000_last100days.txt
 create mode 100644 0FGLJ1641.4+3939/index.html
 create mode 100644 1ES1959+650/1ES1959+650_604800.lc
 create mode 100644 1ES1959+650/1ES1959+650_86400.lc
 create mode 100644 1ES1959+650/1ES1959+650_daily_FLUX_1000_300000_last100days.png
 create mode 100644 1ES1959+650/1ES1959+650_daily_FLUX_1000_300000_last100days.txt
 create mode 100644 1ES1959+650/1ES1959+650_daily_FLUX_100_300000_last100days.png
 create mode 100644 1ES1959+650/1ES1959+650_daily_FLUX_100_300000_last100days.txt
 create mode 100644 1ES1959+650/1ES1959+650_weekly_FLUX_1000_300000_last100days.png
 create mode 100644 1ES1959+650/1ES1959+650_weekly_FLUX_1000_300000_last100days.txt
 create mode 100644 1ES1959+650/1ES1959+650_weekly_FLUX_100_300000_last100days.png
 create mode 100644 1ES1959+650/1ES1959+650_weekly_FLUX_100_300000_last100days.txt
 create mode 100644 1ES1959+650/Swift_1ES1959+650.txt
 create mode 100644 1ES1959+650/index.html
 create mode 100644 1ES2344+514/1ES2344+514_604800.lc
 create mode 100644 1ES2344+514/1ES2344+514_86400.lc
 create mode 100644 1ES2344+514/1ES2344+514_daily_FLUX_1000_300000_last100days.png
 create mode 100644 1ES2344+514/1ES2344+514_daily_FLUX_1000_300000_last100days.txt
 create mode 100644 1ES2344+514/1ES2344+514_daily_FLUX_100_300000_last100days.png
 create mode 100644 1ES2344+514/1ES2344+514_daily_FLUX_100_300000_last100days.txt
 create mode 100644 1ES2344+514/1ES2344+514_weekly_FLUX_1000_300000_last100days.png
 create mode 100644 1ES2344+514/1ES2344+514_weekly_FLUX_1000_300000_last100days.txt
 create mode 100644 1ES2344+514/1ES2344+514_weekly_FLUX_100_300000_last100days.png
 create mode 100644 1ES2344+514/1ES2344+514_weekly_FLUX_100_300000_last100days.txt
 create mode 100644 1ES2344+514/Swift_1ES2344+514.txt
 create mode 100644 1ES2344+514/index.html
 create mode 100644 1H0323+342/1H0323+342_604800.lc
 create mode 100644 1H0323+342/1H0323+342_86400.lc
 create mode 100644 1H0323+342/1H0323+342_daily_FLUX_1000_300000_last100days.png
 create mode 100644 1H0323+342/1H0323+342_daily_FLUX_1000_300000_last100days.txt
 create mode 100644 1H0323+342/1H0323+342_daily_FLUX_100_300000_last100days.png
 create mode 100644 1H0323+342/1H0323+342_daily_FLUX_100_300000_last100days.txt
 create mode 100644 1H0323+342/1H0323+342_weekly_FLUX_1000_300000_last100days.png
 create mode 100644 1H0323+342/1H0323+342_weekly_FLUX_1000_300000_last100days.txt
 create mode 100644 1H0323+342/1H0323+342_weekly_FLUX_100_300000_last100days.png
 create mode 100644 1H0323+342/1H0323+342_weekly_FLUX_100_300000_last100days.txt
 create mode 100644 1H0323+342/index.html
 create mode 100644 3C120/3C120_604800.lc
 create mode 100644 3C120/3C120_86400.lc
 create mode 100644 3C120/3C120_daily_FLUX_1000_300000_last100days.png
 create mode 100644 3C120/3C120_daily_FLUX_1000_300000_last100days.txt
 create mode 100644 3C120/3C120_daily_FLUX_100_300000_last100days.png
 create mode 100644 3C120/3C120_daily_FLUX_100_300000_last100days.txt
 create mode 100644 3C120/3C120_weekly_FLUX_1000_300000_last100days.png
 create mode 100644 3C120/3C120_weekly_FLUX_1000_300000_last100days.txt
 create mode 100644 3C120/3C120_weekly_FLUX_100_300000_last100days.png
 create mode 100644 3C120/3C120_weekly_FLUX_100_300000_last100days.txt
 create mode 100644 3C120/Swift_3C120.txt
 create mode 100644 3C120/index.html
 create mode 100644 3C138/3C138_604800.lc
 create mode 100644 3C138/3C138_86400.lc
 create mode 100644 3C138/3C138_daily_FLUX_1000_300000_last100days.png
 create mode 100644 3C138/3C138_daily_FLUX_1000_300000_last100days.txt
 create mode 100644 3C138/3C138_daily_FLUX_100_300000_last100days.png
 create mode 100644 3C138/3C138_daily_FLUX_100_300000_last100days.txt
 create mode 100644 3C138/3C138_weekly_FLUX_1000_300000_last100days.png
 create mode 100644 3C138/3C138_weekly_FLUX_1000_300000_last100days.txt
 create mode 100644 3C138/3C138_weekly_FLUX_100_300000_last100days.png
 create mode 100644 3C138/3C138_weekly_FLUX_100_300000_last100days.txt
 create mode 100644 3C138/index.html
 create mode 100644 3C216/3C216_604800.lc
 create mode 100644 3C216/3C216_86400.lc
 create mode 100644 3C216/3C216_daily_FLUX_1000_300000_last100days.png
 create mode 100644 3C216/3C216_daily_FLUX_1000_300000_last100days.txt
 create mode 100644 3C216/3C216_daily_FLUX_100_300000_last100days.png
 create mode 100644 3C216/3C216_daily_FLUX_100_300000_last100days.txt
 create mode 100644 3C216/3C216_weekly_FLUX_1000_300000_last100days.png
 create mode 100644 3C216/3C216_weekly_FLUX_1000_300000_last100days.txt
 create mode 100644 3C216/3C216_weekly_FLUX_100_300000_last100days.png
 create mode 100644 3C216/3C216_weekly_FLUX_100_300000_last100days.txt
 create mode 100644 3C216/index.html
 create mode 100644 3C395/3C395_604800.lc
 create mode 100644 3C395/3C395_86400.lc
 create mode 100644 3C395/3C395_daily_FLUX_1000_300000_last100days.png
 create mode 100644 3C395/3C395_daily_FLUX_1000_300000_last100days.txt
 create mode 100644 3C395/3C395_daily_FLUX_100_300000_last100days.png
 create mode 100644 3C395/3C395_daily_FLUX_100_300000_last100days.txt
 create mode 100644 3C395/3C395_weekly_FLUX_1000_300000_last100days.png
 create mode 100644 3C395/3C395_weekly_FLUX_1000_300000_last100days.txt
 create mode 100644 3C395/3C395_weekly_FLUX_100_300000_last100days.png
 create mode 100644 3C395/3C395_weekly_FLUX_100_300000_last100days.txt
 create mode 100644 3C395/index.html
 create mode 100644 3C446/3C446_604800.lc
 create mode 100644 3C446/3C446_86400.lc
 create mode 100644 3C446/3C446_daily_FLUX_1000_300000_last100days.png
 create mode 100644 3C446/3C446_daily_FLUX_1000_300000_last100days.txt
 create mode 100644 3C446/3C446_daily_FLUX_100_300000_last100days.png
 create mode 100644 3C446/3C446_daily_FLUX_100_300000_last100days.txt
 create mode 100644 3C446/3C446_weekly_FLUX_1000_300000_last100days.png
 create mode 100644 3C446/3C446_weekly_FLUX_1000_300000_last100days.txt
 create mode 100644 3C446/3C446_weekly_FLUX_100_300000_last100days.png
 create mode 100644 3C446/3C446_weekly_FLUX_100_300000_last100days.txt
 create mode 100644 3C446/Swift_3C446.txt
 create mode 100644 3C446/index.html
 create mode 100644 3C454.3/3C454.3_604800.lc
 create mode 100644 3C454.3/3C454.3_86400.lc
 create mode 100644 3C454.3/3C454.3_daily_FLUX_1000_300000_last100days.png
 create mode 100644 3C454.3/3C454.3_daily_FLUX_1000_300000_last100days.txt
 create mode 100644 3C454.3/3C454.3_daily_FLUX_100_300000_last100days.png
 create mode 100644 3C454.3/3C454.3_daily_FLUX_100_300000_last100days.txt
 create mode 100644 3C454.3/3C454.3_weekly_FLUX_1000_300000_last100days.png
 create mode 100644 3C454.3/3C454.3_weekly_FLUX_1000_300000_last100days.txt
 create mode 100644 3C454.3/3C454.3_weekly_FLUX_100_300000_last100days.png
 create mode 100644 3C454.3/3C454.3_weekly_FLUX_100_300000_last100days.txt
 create mode 100644 3C454.3/Swift_3C454.3.txt
 create mode 100644 3C454.3/index.html
 create mode 100644 3C66A/3C66A_604800.lc
 create mode 100644 3C66A/3C66A_86400.lc
 create mode 100644 3C66A/3C66A_daily_FLUX_1000_300000_last100days.png
 create mode 100644 3C66A/3C66A_daily_FLUX_1000_300000_last100days.txt
 create mode 100644 3C66A/3C66A_daily_FLUX_100_300000_last100days.png
 create mode 100644 3C66A/3C66A_daily_FLUX_100_300000_last100days.txt
 create mode 100644 3C66A/3C66A_weekly_FLUX_1000_300000_last100days.png
 create mode 100644 3C66A/3C66A_weekly_FLUX_1000_300000_last100days.txt
 create mode 100644 3C66A/3C66A_weekly_FLUX_100_300000_last100days.png
 create mode 100644 3C66A/3C66A_weekly_FLUX_100_300000_last100days.txt
 create mode 100644 3C66A/Swift_3C66A.txt
 create mode 100644 3C66A/index.html
 create mode 100644 4C+10.45/4C+10.45_604800.lc
 create mode 100644 4C+10.45/4C+10.45_86400.lc
 create mode 100644 4C+10.45/4C+10.45_daily_FLUX_1000_300000_last100days.png
 create mode 100644 4C+10.45/4C+10.45_daily_FLUX_1000_300000_last100days.txt
 create mode 100644 4C+10.45/4C+10.45_daily_FLUX_100_300000_last100days.png
 create mode 100644 4C+10.45/4C+10.45_daily_FLUX_100_300000_last100days.txt
 create mode 100644 4C+10.45/4C+10.45_weekly_FLUX_1000_300000_last100days.png
 create mode 100644 4C+10.45/4C+10.45_weekly_FLUX_1000_300000_last100days.txt
 create mode 100644 4C+10.45/4C+10.45_weekly_FLUX_100_300000_last100days.png
 create mode 100644 4C+10.45/4C+10.45_weekly_FLUX_100_300000_last100days.txt
 create mode 100644 4C+10.45/index.html
 create mode 100644 4C+27.50/4C+27.50_604800.lc
 create mode 100644 4C+27.50/4C+27.50_86400.lc
 create mode 100644 4C+27.50/4C+27.50_daily_FLUX_1000_300000_last100days.png
 create mode 100644 4C+27.50/4C+27.50_daily_FLUX_1000_300000_last100days.txt
 create mode 100644 4C+27.50/4C+27.50_daily_FLUX_100_300000_last100days.png
 create mode 100644 4C+27.50/4C+27.50_daily_FLUX_100_300000_last100days.txt
 create mode 100644 4C+27.50/4C+27.50_weekly_FLUX_1000_300000_last100days.png
 create mode 100644 4C+27.50/4C+27.50_weekly_FLUX_1000_300000_last100days.txt
 create mode 100644 4C+27.50/4C+27.50_weekly_FLUX_100_300000_last100days.png
 create mode 100644 4C+27.50/4C+27.50_weekly_FLUX_100_300000_last100days.txt
 create mode 100644 4C+27.50/index.html
 create mode 100644 4C+28.07/4C+28.07_604800.lc
 create mode 100644 4C+28.07/4C+28.07_86400.lc
 create mode 100644 4C+28.07/4C+28.07_daily_FLUX_1000_300000_last100days.png
 create mode 100644 4C+28.07/4C+28.07_daily_FLUX_1000_300000_last100days.txt
 create mode 100644 4C+28.07/4C+28.07_daily_FLUX_100_300000_last100days.png
 create mode 100644 4C+28.07/4C+28.07_daily_FLUX_100_300000_last100days.txt
 create mode 100644 4C+28.07/4C+28.07_weekly_FLUX_1000_300000_last100days.png
 create mode 100644 4C+28.07/4C+28.07_weekly_FLUX_1000_300000_last100days.txt
 create mode 100644 4C+28.07/4C+28.07_weekly_FLUX_100_300000_last100days.png
 create mode 100644 4C+28.07/4C+28.07_weekly_FLUX_100_300000_last100days.txt
 create mode 100644 4C+28.07/Swift_4C+28.07.txt
 create mode 100644 4C+28.07/index.html
 create mode 100644 4C14.23/4C14.23_604800.lc
 create mode 100644 4C14.23/4C14.23_86400.lc
 create mode 100644 4C14.23/4C14.23_daily_FLUX_1000_300000_last100days.png
 create mode 100644 4C14.23/4C14.23_daily_FLUX_1000_300000_last100days.txt
 create mode 100644 4C14.23/4C14.23_daily_FLUX_100_300000_last100days.png
 create mode 100644 4C14.23/4C14.23_daily_FLUX_100_300000_last100days.txt
 create mode 100644 4C14.23/4C14.23_weekly_FLUX_1000_300000_last100days.png
 create mode 100644 4C14.23/4C14.23_weekly_FLUX_1000_300000_last100days.txt
 create mode 100644 4C14.23/4C14.23_weekly_FLUX_100_300000_last100days.png
 create mode 100644 4C14.23/4C14.23_weekly_FLUX_100_300000_last100days.txt
 create mode 100644 4C14.23/index.html
 create mode 100644 4C31.03/4C31.03_604800.lc
 create mode 100644 4C31.03/4C31.03_86400.lc
 create mode 100644 4C31.03/4C31.03_daily_FLUX_1000_300000_last100days.png
 create mode 100644 4C31.03/4C31.03_daily_FLUX_1000_300000_last100days.txt
 create mode 100644 4C31.03/4C31.03_daily_FLUX_100_300000_last100days.png
 create mode 100644 4C31.03/4C31.03_daily_FLUX_100_300000_last100days.txt
 create mode 100644 4C31.03/4C31.03_weekly_FLUX_1000_300000_last100days.png
 create mode 100644 4C31.03/4C31.03_weekly_FLUX_1000_300000_last100days.txt
 create mode 100644 4C31.03/4C31.03_weekly_FLUX_100_300000_last100days.png
 create mode 100644 4C31.03/4C31.03_weekly_FLUX_100_300000_last100days.txt
 create mode 100644 4C31.03/Swift_4C31.03.txt
 create mode 100644 4C31.03/index.html
 create mode 100644 4FGLJ1706.8+1319/4FGLJ1706.8+1319_604800.lc
 create mode 100644 4FGLJ1706.8+1319/4FGLJ1706.8+1319_86400.lc
 create mode 100644 4FGLJ1706.8+1319/4FGLJ1706.8+1319_daily_FLUX_1000_300000_last100days.png
 create mode 100644 4FGLJ1706.8+1319/4FGLJ1706.8+1319_daily_FLUX_1000_300000_last100days.txt
 create mode 100644 4FGLJ1706.8+1319/4FGLJ1706.8+1319_daily_FLUX_100_300000_last100days.png
 create mode 100644 4FGLJ1706.8+1319/4FGLJ1706.8+1319_daily_FLUX_100_300000_last100days.txt
 create mode 100644 4FGLJ1706.8+1319/4FGLJ1706.8+1319_weekly_FLUX_1000_300000_last100days.png
 create mode 100644 4FGLJ1706.8+1319/4FGLJ1706.8+1319_weekly_FLUX_1000_300000_last100days.txt
 create mode 100644 4FGLJ1706.8+1319/4FGLJ1706.8+1319_weekly_FLUX_100_300000_last100days.png
 create mode 100644 4FGLJ1706.8+1319/4FGLJ1706.8+1319_weekly_FLUX_100_300000_last100days.txt
 create mode 100644 4FGLJ1706.8+1319/index.html
 create mode 100644 7C2238+5117/7C2238+5117_604800.lc
 create mode 100644 7C2238+5117/7C2238+5117_86400.lc
 create mode 100644 7C2238+5117/7C2238+5117_daily_FLUX_1000_300000_last100days.png
 create mode 100644 7C2238+5117/7C2238+5117_daily_FLUX_1000_300000_last100days.txt
 create mode 100644 7C2238+5117/7C2238+5117_daily_FLUX_100_300000_last100days.png
 create mode 100644 7C2238+5117/7C2238+5117_daily_FLUX_100_300000_last100days.txt
 create mode 100644 7C2238+5117/7C2238+5117_weekly_FLUX_1000_300000_last100days.png
 create mode 100644 7C2238+5117/7C2238+5117_weekly_FLUX_1000_300000_last100days.txt
 create mode 100644 7C2238+5117/7C2238+5117_weekly_FLUX_100_300000_last100days.png
 create mode 100644 7C2238+5117/7C2238+5117_weekly_FLUX_100_300000_last100days.txt
 create mode 100644 7C2238+5117/index.html
 create mode 100644 B20619+33/B20619+33_604800.lc
 create mode 100644 B20619+33/B20619+33_86400.lc
 create mode 100644 B20619+33/B20619+33_daily_FLUX_1000_300000_last100days.png
 create mode 100644 B20619+33/B20619+33_daily_FLUX_1000_300000_last100days.txt
 create mode 100644 B20619+33/B20619+33_daily_FLUX_100_300000_last100days.png
 create mode 100644 B20619+33/B20619+33_daily_FLUX_100_300000_last100days.txt
 create mode 100644 B20619+33/B20619+33_weekly_FLUX_1000_300000_last100days.png
 create mode 100644 B20619+33/B20619+33_weekly_FLUX_1000_300000_last100days.txt
 create mode 100644 B20619+33/B20619+33_weekly_FLUX_100_300000_last100days.png
 create mode 100644 B20619+33/B20619+33_weekly_FLUX_100_300000_last100days.txt
 create mode 100644 B20619+33/Swift_B20619+33.txt
 create mode 100644 B20619+33/index.html
 create mode 100644 B21504+37/B21504+37_604800.lc
 create mode 100644 B21504+37/B21504+37_86400.lc
 create mode 100644 B21504+37/B21504+37_daily_FLUX_1000_300000_last100days.png
 create mode 100644 B21504+37/B21504+37_daily_FLUX_1000_300000_last100days.txt
 create mode 100644 B21504+37/B21504+37_daily_FLUX_100_300000_last100days.png
 create mode 100644 B21504+37/B21504+37_daily_FLUX_100_300000_last100days.txt
 create mode 100644 B21504+37/B21504+37_weekly_FLUX_1000_300000_last100days.png
 create mode 100644 B21504+37/B21504+37_weekly_FLUX_1000_300000_last100days.txt
 create mode 100644 B21504+37/B21504+37_weekly_FLUX_100_300000_last100days.png
 create mode 100644 B21504+37/B21504+37_weekly_FLUX_100_300000_last100days.txt
 create mode 100644 B21504+37/index.html
 create mode 100644 B21520+31/B21520+31_604800.lc
 create mode 100644 B21520+31/B21520+31_86400.lc
 create mode 100644 B21520+31/B21520+31_daily_FLUX_1000_300000_last100days.png
 create mode 100644 B21520+31/B21520+31_daily_FLUX_1000_300000_last100days.txt
 create mode 100644 B21520+31/B21520+31_daily_FLUX_100_300000_last100days.png
 create mode 100644 B21520+31/B21520+31_daily_FLUX_100_300000_last100days.txt
 create mode 100644 B21520+31/B21520+31_weekly_FLUX_1000_300000_last100days.png
 create mode 100644 B21520+31/B21520+31_weekly_FLUX_1000_300000_last100days.txt
 create mode 100644 B21520+31/B21520+31_weekly_FLUX_100_300000_last100days.png
 create mode 100644 B21520+31/B21520+31_weekly_FLUX_100_300000_last100days.txt
 create mode 100644 B21520+31/Swift_B21520+31.txt
 create mode 100644 B21520+31/index.html
 create mode 100644 B21846+32B/B21846+32B_604800.lc
 create mode 100644 B21846+32B/B21846+32B_86400.lc
 create mode 100644 B21846+32B/B21846+32B_daily_FLUX_1000_300000_last100days.png
 create mode 100644 B21846+32B/B21846+32B_daily_FLUX_1000_300000_last100days.txt
 create mode 100644 B21846+32B/B21846+32B_daily_FLUX_100_300000_last100days.png
 create mode 100644 B21846+32B/B21846+32B_daily_FLUX_100_300000_last100days.txt
 create mode 100644 B21846+32B/B21846+32B_weekly_FLUX_1000_300000_last100days.png
 create mode 100644 B21846+32B/B21846+32B_weekly_FLUX_1000_300000_last100days.txt
 create mode 100644 B21846+32B/B21846+32B_weekly_FLUX_100_300000_last100days.png
 create mode 100644 B21846+32B/B21846+32B_weekly_FLUX_100_300000_last100days.txt
 create mode 100644 B21846+32B/Swift_B21846+32B.txt
 create mode 100644 B21846+32B/index.html
 create mode 100644 B30650+453/B30650+453_604800.lc
 create mode 100644 B30650+453/B30650+453_86400.lc
 create mode 100644 B30650+453/B30650+453_daily_FLUX_1000_300000_last100days.png
 create mode 100644 B30650+453/B30650+453_daily_FLUX_1000_300000_last100days.txt
 create mode 100644 B30650+453/B30650+453_daily_FLUX_100_300000_last100days.png
 create mode 100644 B30650+453/B30650+453_daily_FLUX_100_300000_last100days.txt
 create mode 100644 B30650+453/B30650+453_weekly_FLUX_1000_300000_last100days.png
 create mode 100644 B30650+453/B30650+453_weekly_FLUX_1000_300000_last100days.txt
 create mode 100644 B30650+453/B30650+453_weekly_FLUX_100_300000_last100days.png
 create mode 100644 B30650+453/B30650+453_weekly_FLUX_100_300000_last100days.txt
 create mode 100644 B30650+453/Swift_B30650+453.txt
 create mode 100644 B30650+453/index.html
 create mode 100644 B31708+433/B31708+433_604800.lc
 create mode 100644 B31708+433/B31708+433_86400.lc
 create mode 100644 B31708+433/B31708+433_daily_FLUX_1000_300000_last100days.png
 create mode 100644 B31708+433/B31708+433_daily_FLUX_1000_300000_last100days.txt
 create mode 100644 B31708+433/B31708+433_daily_FLUX_100_300000_last100days.png
 create mode 100644 B31708+433/B31708+433_daily_FLUX_100_300000_last100days.txt
 create mode 100644 B31708+433/B31708+433_weekly_FLUX_1000_300000_last100days.png
 create mode 100644 B31708+433/B31708+433_weekly_FLUX_1000_300000_last100days.txt
 create mode 100644 B31708+433/B31708+433_weekly_FLUX_100_300000_last100days.png
 create mode 100644 B31708+433/B31708+433_weekly_FLUX_100_300000_last100days.txt
 create mode 100644 B31708+433/Swift_B31708+433.txt
 create mode 100644 B31708+433/index.html
 create mode 100644 BLLac/BLLac_604800.lc
 create mode 100644 BLLac/BLLac_86400.lc
 create mode 100644 BLLac/BLLac_daily_FLUX_1000_300000_last100days.png
 create mode 100644 BLLac/BLLac_daily_FLUX_1000_300000_last100days.txt
 create mode 100644 BLLac/BLLac_daily_FLUX_100_300000_last100days.png
 create mode 100644 BLLac/BLLac_daily_FLUX_100_300000_last100days.txt
 create mode 100644 BLLac/BLLac_weekly_FLUX_1000_300000_last100days.png
 create mode 100644 BLLac/BLLac_weekly_FLUX_1000_300000_last100days.txt
 create mode 100644 BLLac/BLLac_weekly_FLUX_100_300000_last100days.png
 create mode 100644 BLLac/BLLac_weekly_FLUX_100_300000_last100days.txt
 create mode 100644 BLLac/Swift_BLLac.txt
 create mode 100644 BLLac/index.html
 create mode 100644 BZUJ0742+5444/BZUJ0742+5444_604800.lc
 create mode 100644 BZUJ0742+5444/BZUJ0742+5444_86400.lc
 create mode 100644 BZUJ0742+5444/BZUJ0742+5444_daily_FLUX_1000_300000_last100days.png
 create mode 100644 BZUJ0742+5444/BZUJ0742+5444_daily_FLUX_1000_300000_last100days.txt
 create mode 100644 BZUJ0742+5444/BZUJ0742+5444_daily_FLUX_100_300000_last100days.png
 create mode 100644 BZUJ0742+5444/BZUJ0742+5444_daily_FLUX_100_300000_last100days.txt
 create mode 100644 BZUJ0742+5444/BZUJ0742+5444_weekly_FLUX_1000_300000_last100days.png
 create mode 100644 BZUJ0742+5444/BZUJ0742+5444_weekly_FLUX_1000_300000_last100days.txt
 create mode 100644 BZUJ0742+5444/BZUJ0742+5444_weekly_FLUX_100_300000_last100days.png
 create mode 100644 BZUJ0742+5444/BZUJ0742+5444_weekly_FLUX_100_300000_last100days.txt
 create mode 100644 BZUJ0742+5444/index.html
 create mode 100644 CGRaBSJ0211+1051/CGRaBSJ0211+1051_604800.lc
 create mode 100644 CGRaBSJ0211+1051/CGRaBSJ0211+1051_86400.lc
 create mode 100644 CGRaBSJ0211+1051/CGRaBSJ0211+1051_daily_FLUX_1000_300000_last100days.png
 create mode 100644 CGRaBSJ0211+1051/CGRaBSJ0211+1051_daily_FLUX_1000_300000_last100days.txt
 create mode 100644 CGRaBSJ0211+1051/CGRaBSJ0211+1051_daily_FLUX_100_300000_last100days.png
 create mode 100644 CGRaBSJ0211+1051/CGRaBSJ0211+1051_daily_FLUX_100_300000_last100days.txt
 create mode 100644 CGRaBSJ0211+1051/CGRaBSJ0211+1051_weekly_FLUX_1000_300000_last100days.png
 create mode 100644 CGRaBSJ0211+1051/CGRaBSJ0211+1051_weekly_FLUX_1000_300000_last100days.txt
 create mode 100644 CGRaBSJ0211+1051/CGRaBSJ0211+1051_weekly_FLUX_100_300000_last100days.png
 create mode 100644 CGRaBSJ0211+1051/CGRaBSJ0211+1051_weekly_FLUX_100_300000_last100days.txt
 create mode 100644 CGRaBSJ0211+1051/Swift_CGRaBSJ0211+1051.txt
 create mode 100644 CGRaBSJ0211+1051/index.html
 create mode 100644 CGRaBSJ1848+3219/CGRaBSJ1848+3219_604800.lc
 create mode 100644 CGRaBSJ1848+3219/CGRaBSJ1848+3219_86400.lc
 create mode 100644 CGRaBSJ1848+3219/CGRaBSJ1848+3219_daily_FLUX_1000_300000_last100days.png
 create mode 100644 CGRaBSJ1848+3219/CGRaBSJ1848+3219_daily_FLUX_1000_300000_last100days.txt
 create mode 100644 CGRaBSJ1848+3219/CGRaBSJ1848+3219_daily_FLUX_100_300000_last100days.png
 create mode 100644 CGRaBSJ1848+3219/CGRaBSJ1848+3219_daily_FLUX_100_300000_last100days.txt
 create mode 100644 CGRaBSJ1848+3219/CGRaBSJ1848+3219_weekly_FLUX_1000_300000_last100days.png
 create mode 100644 CGRaBSJ1848+3219/CGRaBSJ1848+3219_weekly_FLUX_1000_300000_last100days.txt
 create mode 100644 CGRaBSJ1848+3219/CGRaBSJ1848+3219_weekly_FLUX_100_300000_last100days.png
 create mode 100644 CGRaBSJ1848+3219/CGRaBSJ1848+3219_weekly_FLUX_100_300000_last100days.txt
 create mode 100644 CGRaBSJ1848+3219/Swift_CGRaBSJ1848+3219.txt
 create mode 100644 CGRaBSJ1848+3219/index.html
 create mode 100644 CGRaBSJ1849+6705/CGRaBSJ1849+6705_604800.lc
 create mode 100644 CGRaBSJ1849+6705/CGRaBSJ1849+6705_86400.lc
 create mode 100644 CGRaBSJ1849+6705/CGRaBSJ1849+6705_daily_FLUX_1000_300000_last100days.png
 create mode 100644 CGRaBSJ1849+6705/CGRaBSJ1849+6705_daily_FLUX_1000_300000_last100days.txt
 create mode 100644 CGRaBSJ1849+6705/CGRaBSJ1849+6705_daily_FLUX_100_300000_last100days.png
 create mode 100644 CGRaBSJ1849+6705/CGRaBSJ1849+6705_daily_FLUX_100_300000_last100days.txt
 create mode 100644 CGRaBSJ1849+6705/CGRaBSJ1849+6705_weekly_FLUX_1000_300000_last100days.png
 create mode 100644 CGRaBSJ1849+6705/CGRaBSJ1849+6705_weekly_FLUX_1000_300000_last100days.txt
 create mode 100644 CGRaBSJ1849+6705/CGRaBSJ1849+6705_weekly_FLUX_100_300000_last100days.png
 create mode 100644 CGRaBSJ1849+6705/CGRaBSJ1849+6705_weekly_FLUX_100_300000_last100days.txt
 create mode 100644 CGRaBSJ1849+6705/Swift_CGRaBSJ1849+6705.txt
 create mode 100644 CGRaBSJ1849+6705/index.html
 create mode 100644 CTA102/CTA102_604800.lc
 create mode 100644 CTA102/CTA102_86400.lc
 create mode 100644 CTA102/CTA102_daily_FLUX_1000_300000_last100days.png
 create mode 100644 CTA102/CTA102_daily_FLUX_1000_300000_last100days.txt
 create mode 100644 CTA102/CTA102_daily_FLUX_100_300000_last100days.png
 create mode 100644 CTA102/CTA102_daily_FLUX_100_300000_last100days.txt
 create mode 100644 CTA102/CTA102_weekly_FLUX_1000_300000_last100days.png
 create mode 100644 CTA102/CTA102_weekly_FLUX_1000_300000_last100days.txt
 create mode 100644 CTA102/CTA102_weekly_FLUX_100_300000_last100days.png
 create mode 100644 CTA102/CTA102_weekly_FLUX_100_300000_last100days.txt
 create mode 100644 CTA102/Swift_CTA102.txt
 create mode 100644 CTA102/index.html
 create mode 100644 CrabPulsar/CrabPulsar_604800.lc
 create mode 100644 CrabPulsar/CrabPulsar_86400.lc
 create mode 100644 CrabPulsar/CrabPulsar_daily_FLUX_1000_300000_last100days.png
 create mode 100644 CrabPulsar/CrabPulsar_daily_FLUX_1000_300000_last100days.txt
 create mode 100644 CrabPulsar/CrabPulsar_daily_FLUX_100_300000_last100days.png
 create mode 100644 CrabPulsar/CrabPulsar_daily_FLUX_100_300000_last100days.txt
 create mode 100644 CrabPulsar/CrabPulsar_weekly_FLUX_1000_300000_last100days.png
 create mode 100644 CrabPulsar/CrabPulsar_weekly_FLUX_1000_300000_last100days.txt
 create mode 100644 CrabPulsar/CrabPulsar_weekly_FLUX_100_300000_last100days.png
 create mode 100644 CrabPulsar/CrabPulsar_weekly_FLUX_100_300000_last100days.txt
 create mode 100644 CrabPulsar/index.html
 create mode 100644 CygnusX-3/CygnusX-3_604800.lc
 create mode 100644 CygnusX-3/CygnusX-3_86400.lc
 create mode 100644 CygnusX-3/CygnusX-3_daily_FLUX_1000_300000_last100days.png
 create mode 100644 CygnusX-3/CygnusX-3_daily_FLUX_1000_300000_last100days.txt
 create mode 100644 CygnusX-3/CygnusX-3_daily_FLUX_100_300000_last100days.png
 create mode 100644 CygnusX-3/CygnusX-3_daily_FLUX_100_300000_last100days.txt
 create mode 100644 CygnusX-3/CygnusX-3_weekly_FLUX_1000_300000_last100days.png
 create mode 100644 CygnusX-3/CygnusX-3_weekly_FLUX_1000_300000_last100days.txt
 create mode 100644 CygnusX-3/CygnusX-3_weekly_FLUX_100_300000_last100days.png
 create mode 100644 CygnusX-3/CygnusX-3_weekly_FLUX_100_300000_last100days.txt
 create mode 100644 CygnusX-3/index.html
 create mode 100644 FermiJ0008+6829/FermiJ0008+6829_604800.lc
 create mode 100644 FermiJ0008+6829/FermiJ0008+6829_86400.lc
 create mode 100644 FermiJ0008+6829/FermiJ0008+6829_daily_FLUX_1000_300000_last100days.png
 create mode 100644 FermiJ0008+6829/FermiJ0008+6829_daily_FLUX_1000_300000_last100days.txt
 create mode 100644 FermiJ0008+6829/FermiJ0008+6829_daily_FLUX_100_300000_last100days.png
 create mode 100644 FermiJ0008+6829/FermiJ0008+6829_daily_FLUX_100_300000_last100days.txt
 create mode 100644 FermiJ0008+6829/FermiJ0008+6829_weekly_FLUX_1000_300000_last100days.png
 create mode 100644 FermiJ0008+6829/FermiJ0008+6829_weekly_FLUX_1000_300000_last100days.txt
 create mode 100644 FermiJ0008+6829/FermiJ0008+6829_weekly_FLUX_100_300000_last100days.png
 create mode 100644 FermiJ0008+6829/FermiJ0008+6829_weekly_FLUX_100_300000_last100days.txt
 create mode 100644 FermiJ0008+6829/index.html
 create mode 100644 FermiJ0052+1110/FermiJ0052+1110_604800.lc
 create mode 100644 FermiJ0052+1110/FermiJ0052+1110_86400.lc
 create mode 100644 FermiJ0052+1110/FermiJ0052+1110_daily_FLUX_1000_300000_last100days.png
 create mode 100644 FermiJ0052+1110/FermiJ0052+1110_daily_FLUX_1000_300000_last100days.txt
 create mode 100644 FermiJ0052+1110/FermiJ0052+1110_daily_FLUX_100_300000_last100days.png
 create mode 100644 FermiJ0052+1110/FermiJ0052+1110_daily_FLUX_100_300000_last100days.txt
 create mode 100644 FermiJ0052+1110/FermiJ0052+1110_weekly_FLUX_1000_300000_last100days.png
 create mode 100644 FermiJ0052+1110/FermiJ0052+1110_weekly_FLUX_1000_300000_last100days.txt
 create mode 100644 FermiJ0052+1110/FermiJ0052+1110_weekly_FLUX_100_300000_last100days.png
 create mode 100644 FermiJ0052+1110/FermiJ0052+1110_weekly_FLUX_100_300000_last100days.txt
 create mode 100644 FermiJ0052+1110/index.html
 create mode 100644 FermiJ0431+5458/FermiJ0431+5458_604800.lc
 create mode 100644 FermiJ0431+5458/FermiJ0431+5458_86400.lc
 create mode 100644 FermiJ0431+5458/FermiJ0431+5458_daily_FLUX_1000_300000_last100days.png
 create mode 100644 FermiJ0431+5458/FermiJ0431+5458_daily_FLUX_1000_300000_last100days.txt
 create mode 100644 FermiJ0431+5458/FermiJ0431+5458_daily_FLUX_100_300000_last100days.png
 create mode 100644 FermiJ0431+5458/FermiJ0431+5458_daily_FLUX_100_300000_last100days.txt
 create mode 100644 FermiJ0431+5458/FermiJ0431+5458_weekly_FLUX_1000_300000_last100days.png
 create mode 100644 FermiJ0431+5458/FermiJ0431+5458_weekly_FLUX_1000_300000_last100days.txt
 create mode 100644 FermiJ0431+5458/FermiJ0431+5458_weekly_FLUX_100_300000_last100days.png
 create mode 100644 FermiJ0431+5458/FermiJ0431+5458_weekly_FLUX_100_300000_last100days.txt
 create mode 100644 FermiJ0431+5458/index.html
 create mode 100644 FermiJ0614+1713/FermiJ0614+1713_604800.lc
 create mode 100644 FermiJ0614+1713/FermiJ0614+1713_86400.lc
 create mode 100644 FermiJ0614+1713/FermiJ0614+1713_daily_FLUX_1000_300000_last100days.png
 create mode 100644 FermiJ0614+1713/FermiJ0614+1713_daily_FLUX_1000_300000_last100days.txt
 create mode 100644 FermiJ0614+1713/FermiJ0614+1713_daily_FLUX_100_300000_last100days.png
 create mode 100644 FermiJ0614+1713/FermiJ0614+1713_daily_FLUX_100_300000_last100days.txt
 create mode 100644 FermiJ0614+1713/FermiJ0614+1713_weekly_FLUX_1000_300000_last100days.png
 create mode 100644 FermiJ0614+1713/FermiJ0614+1713_weekly_FLUX_1000_300000_last100days.txt
 create mode 100644 FermiJ0614+1713/FermiJ0614+1713_weekly_FLUX_100_300000_last100days.png
 create mode 100644 FermiJ0614+1713/FermiJ0614+1713_weekly_FLUX_100_300000_last100days.txt
 create mode 100644 FermiJ0614+1713/index.html
 create mode 100644 GB6J0713+5738/GB6J0713+5738_604800.lc
 create mode 100644 GB6J0713+5738/GB6J0713+5738_86400.lc
 create mode 100644 GB6J0713+5738/GB6J0713+5738_daily_FLUX_1000_300000_last100days.png
 create mode 100644 GB6J0713+5738/GB6J0713+5738_daily_FLUX_1000_300000_last100days.txt
 create mode 100644 GB6J0713+5738/GB6J0713+5738_daily_FLUX_100_300000_last100days.png
 create mode 100644 GB6J0713+5738/GB6J0713+5738_daily_FLUX_100_300000_last100days.txt
 create mode 100644 GB6J0713+5738/GB6J0713+5738_weekly_FLUX_1000_300000_last100days.png
 create mode 100644 GB6J0713+5738/GB6J0713+5738_weekly_FLUX_1000_300000_last100days.txt
 create mode 100644 GB6J0713+5738/GB6J0713+5738_weekly_FLUX_100_300000_last100days.png
 create mode 100644 GB6J0713+5738/GB6J0713+5738_weekly_FLUX_100_300000_last100days.txt
 create mode 100644 GB6J0713+5738/Swift_GB6J0713+5738.txt
 create mode 100644 GB6J0713+5738/index.html
 create mode 100644 GB6J1700+6830/GB6J1700+6830_604800.lc
 create mode 100644 GB6J1700+6830/GB6J1700+6830_86400.lc
 create mode 100644 GB6J1700+6830/GB6J1700+6830_daily_FLUX_1000_300000_last100days.png
 create mode 100644 GB6J1700+6830/GB6J1700+6830_daily_FLUX_1000_300000_last100days.txt
 create mode 100644 GB6J1700+6830/GB6J1700+6830_daily_FLUX_100_300000_last100days.png
 create mode 100644 GB6J1700+6830/GB6J1700+6830_daily_FLUX_100_300000_last100days.txt
 create mode 100644 GB6J1700+6830/GB6J1700+6830_weekly_FLUX_1000_300000_last100days.png
 create mode 100644 GB6J1700+6830/GB6J1700+6830_weekly_FLUX_1000_300000_last100days.txt
 create mode 100644 GB6J1700+6830/GB6J1700+6830_weekly_FLUX_100_300000_last100days.png
 create mode 100644 GB6J1700+6830/GB6J1700+6830_weekly_FLUX_100_300000_last100days.txt
 create mode 100644 GB6J1700+6830/Swift_GB6J1700+6830.txt
 create mode 100644 GB6J1700+6830/index.html
 create mode 100644 LATLC_last_update.txt
 create mode 100644 LATLC_objects.txt
 create mode 100644 LSI+61303/LSI+61303_604800.lc
 create mode 100644 LSI+61303/LSI+61303_86400.lc
 create mode 100644 LSI+61303/LSI+61303_daily_FLUX_1000_300000_last100days.png
 create mode 100644 LSI+61303/LSI+61303_daily_FLUX_1000_300000_last100days.txt
 create mode 100644 LSI+61303/LSI+61303_daily_FLUX_100_300000_last100days.png
 create mode 100644 LSI+61303/LSI+61303_daily_FLUX_100_300000_last100days.txt
 create mode 100644 LSI+61303/LSI+61303_weekly_FLUX_1000_300000_last100days.png
 create mode 100644 LSI+61303/LSI+61303_weekly_FLUX_1000_300000_last100days.txt
 create mode 100644 LSI+61303/LSI+61303_weekly_FLUX_100_300000_last100days.png
 create mode 100644 LSI+61303/LSI+61303_weekly_FLUX_100_300000_last100days.txt
 create mode 100644 LSI+61303/Swift_LSI+61303.txt
 create mode 100644 LSI+61303/index.html
 create mode 100644 MG2J071354+1934/MG2J071354+1934_604800.lc
 create mode 100644 MG2J071354+1934/MG2J071354+1934_86400.lc
 create mode 100644 MG2J071354+1934/MG2J071354+1934_daily_FLUX_1000_300000_last100days.png
 create mode 100644 MG2J071354+1934/MG2J071354+1934_daily_FLUX_1000_300000_last100days.txt
 create mode 100644 MG2J071354+1934/MG2J071354+1934_daily_FLUX_100_300000_last100days.png
 create mode 100644 MG2J071354+1934/MG2J071354+1934_daily_FLUX_100_300000_last100days.txt
 create mode 100644 MG2J071354+1934/MG2J071354+1934_weekly_FLUX_1000_300000_last100days.png
 create mode 100644 MG2J071354+1934/MG2J071354+1934_weekly_FLUX_1000_300000_last100days.txt
 create mode 100644 MG2J071354+1934/MG2J071354+1934_weekly_FLUX_100_300000_last100days.png
 create mode 100644 MG2J071354+1934/MG2J071354+1934_weekly_FLUX_100_300000_last100days.txt
 create mode 100644 MG2J071354+1934/index.html
 create mode 100644 Mrk501/Mrk501_604800.lc
 create mode 100644 Mrk501/Mrk501_86400.lc
 create mode 100644 Mrk501/Mrk501_daily_FLUX_1000_300000_last100days.png
 create mode 100644 Mrk501/Mrk501_daily_FLUX_1000_300000_last100days.txt
 create mode 100644 Mrk501/Mrk501_daily_FLUX_100_300000_last100days.png
 create mode 100644 Mrk501/Mrk501_daily_FLUX_100_300000_last100days.txt
 create mode 100644 Mrk501/Mrk501_weekly_FLUX_1000_300000_last100days.png
 create mode 100644 Mrk501/Mrk501_weekly_FLUX_1000_300000_last100days.txt
 create mode 100644 Mrk501/Mrk501_weekly_FLUX_100_300000_last100days.png
 create mode 100644 Mrk501/Mrk501_weekly_FLUX_100_300000_last100days.txt
 create mode 100644 Mrk501/Swift_Mrk501.txt
 create mode 100644 Mrk501/index.html
 create mode 100644 NGC1275/NGC1275_604800.lc
 create mode 100644 NGC1275/NGC1275_86400.lc
 create mode 100644 NGC1275/NGC1275_daily_FLUX_1000_300000_last100days.png
 create mode 100644 NGC1275/NGC1275_daily_FLUX_1000_300000_last100days.txt
 create mode 100644 NGC1275/NGC1275_daily_FLUX_100_300000_last100days.png
 create mode 100644 NGC1275/NGC1275_daily_FLUX_100_300000_last100days.txt
 create mode 100644 NGC1275/NGC1275_weekly_FLUX_1000_300000_last100days.png
 create mode 100644 NGC1275/NGC1275_weekly_FLUX_1000_300000_last100days.txt
 create mode 100644 NGC1275/NGC1275_weekly_FLUX_100_300000_last100days.png
 create mode 100644 NGC1275/NGC1275_weekly_FLUX_100_300000_last100days.txt
 create mode 100644 NGC1275/Swift_NGC1275.txt
 create mode 100644 NGC1275/index.html
 create mode 100644 NRAO190/PKS0458-02_604800.lc
 create mode 100644 NRAO190/PKS0458-02_86400.lc
 create mode 100644 NRAO190/PKS0458-02_daily_FLUX_1000_300000_last100days.png
 create mode 100644 NRAO190/PKS0458-02_daily_FLUX_1000_300000_last100days.txt
 create mode 100644 NRAO190/PKS0458-02_daily_FLUX_100_300000_last100days.png
 create mode 100644 NRAO190/PKS0458-02_daily_FLUX_100_300000_last100days.txt
 create mode 100644 NRAO190/PKS0458-02_weekly_FLUX_1000_300000_last100days.png
 create mode 100644 NRAO190/PKS0458-02_weekly_FLUX_1000_300000_last100days.txt
 create mode 100644 NRAO190/PKS0458-02_weekly_FLUX_100_300000_last100days.png
 create mode 100644 NRAO190/PKS0458-02_weekly_FLUX_100_300000_last100days.txt
 create mode 100644 NRAO190/Swift_PKS0458-02.txt
 create mode 100644 NRAO190/index.html
 create mode 100644 OG050/OG050_604800.lc
 create mode 100644 OG050/OG050_86400.lc
 create mode 100644 OG050/OG050_daily_FLUX_1000_300000_last100days.png
 create mode 100644 OG050/OG050_daily_FLUX_1000_300000_last100days.txt
 create mode 100644 OG050/OG050_daily_FLUX_100_300000_last100days.png
 create mode 100644 OG050/OG050_daily_FLUX_100_300000_last100days.txt
 create mode 100644 OG050/OG050_weekly_FLUX_1000_300000_last100days.png
 create mode 100644 OG050/OG050_weekly_FLUX_1000_300000_last100days.txt
 create mode 100644 OG050/OG050_weekly_FLUX_100_300000_last100days.png
 create mode 100644 OG050/OG050_weekly_FLUX_100_300000_last100days.txt
 create mode 100644 OG050/index.html
 create mode 100644 OI280/OI280_604800.lc
 create mode 100644 OI280/OI280_86400.lc
 create mode 100644 OI280/OI280_daily_FLUX_1000_300000_last100days.png
 create mode 100644 OI280/OI280_daily_FLUX_1000_300000_last100days.txt
 create mode 100644 OI280/OI280_daily_FLUX_100_300000_last100days.png
 create mode 100644 OI280/OI280_daily_FLUX_100_300000_last100days.txt
 create mode 100644 OI280/OI280_weekly_FLUX_1000_300000_last100days.png
 create mode 100644 OI280/OI280_weekly_FLUX_1000_300000_last100days.txt
 create mode 100644 OI280/OI280_weekly_FLUX_100_300000_last100days.png
 create mode 100644 OI280/OI280_weekly_FLUX_100_300000_last100days.txt
 create mode 100644 OI280/index.html
 create mode 100644 OJ287/OJ287_604800.lc
 create mode 100644 OJ287/OJ287_86400.lc
 create mode 100644 OJ287/OJ287_daily_FLUX_1000_300000_last100days.png
 create mode 100644 OJ287/OJ287_daily_FLUX_1000_300000_last100days.txt
 create mode 100644 OJ287/OJ287_daily_FLUX_100_300000_last100days.png
 create mode 100644 OJ287/OJ287_daily_FLUX_100_300000_last100days.txt
 create mode 100644 OJ287/OJ287_weekly_FLUX_1000_300000_last100days.png
 create mode 100644 OJ287/OJ287_weekly_FLUX_1000_300000_last100days.txt
 create mode 100644 OJ287/OJ287_weekly_FLUX_100_300000_last100days.png
 create mode 100644 OJ287/OJ287_weekly_FLUX_100_300000_last100days.txt
 create mode 100644 OJ287/Swift_OJ287.txt
 create mode 100644 OJ287/index.html
 create mode 100644 OK+630/OK+630_604800.lc
 create mode 100644 OK+630/OK+630_86400.lc
 create mode 100644 OK+630/OK+630_daily_FLUX_1000_300000_last100days.png
 create mode 100644 OK+630/OK+630_daily_FLUX_1000_300000_last100days.txt
 create mode 100644 OK+630/OK+630_daily_FLUX_100_300000_last100days.png
 create mode 100644 OK+630/OK+630_daily_FLUX_100_300000_last100days.txt
 create mode 100644 OK+630/OK+630_weekly_FLUX_1000_300000_last100days.png
 create mode 100644 OK+630/OK+630_weekly_FLUX_1000_300000_last100days.txt
 create mode 100644 OK+630/OK+630_weekly_FLUX_100_300000_last100days.png
 create mode 100644 OK+630/OK+630_weekly_FLUX_100_300000_last100days.txt
 create mode 100644 OK+630/index.html
 create mode 100644 OS300/OS300_604800.lc
 create mode 100644 OS300/OS300_86400.lc
 create mode 100644 OS300/OS300_daily_FLUX_1000_300000_last100days.png
 create mode 100644 OS300/OS300_daily_FLUX_1000_300000_last100days.txt
 create mode 100644 OS300/OS300_daily_FLUX_100_300000_last100days.png
 create mode 100644 OS300/OS300_daily_FLUX_100_300000_last100days.txt
 create mode 100644 OS300/OS300_weekly_FLUX_1000_300000_last100days.png
 create mode 100644 OS300/OS300_weekly_FLUX_1000_300000_last100days.txt
 create mode 100644 OS300/OS300_weekly_FLUX_100_300000_last100days.png
 create mode 100644 OS300/OS300_weekly_FLUX_100_300000_last100days.txt
 create mode 100644 OS300/Swift_OS300.txt
 create mode 100644 OS300/index.html
 create mode 100644 OT081/OT081_604800.lc
 create mode 100644 OT081/OT081_86400.lc
 create mode 100644 OT081/OT081_daily_FLUX_1000_300000_last100days.png
 create mode 100644 OT081/OT081_daily_FLUX_1000_300000_last100days.txt
 create mode 100644 OT081/OT081_daily_FLUX_100_300000_last100days.png
 create mode 100644 OT081/OT081_daily_FLUX_100_300000_last100days.txt
 create mode 100644 OT081/OT081_weekly_FLUX_1000_300000_last100days.png
 create mode 100644 OT081/OT081_weekly_FLUX_1000_300000_last100days.txt
 create mode 100644 OT081/OT081_weekly_FLUX_100_300000_last100days.png
 create mode 100644 OT081/OT081_weekly_FLUX_100_300000_last100days.txt
 create mode 100644 OT081/Swift_OT081.txt
 create mode 100644 OT081/index.html
 create mode 100644 OT355/OT355_604800.lc
 create mode 100644 OT355/OT355_86400.lc
 create mode 100644 OT355/OT355_daily_FLUX_1000_300000_last100days.png
 create mode 100644 OT355/OT355_daily_FLUX_1000_300000_last100days.txt
 create mode 100644 OT355/OT355_daily_FLUX_100_300000_last100days.png
 create mode 100644 OT355/OT355_daily_FLUX_100_300000_last100days.txt
 create mode 100644 OT355/OT355_weekly_FLUX_1000_300000_last100days.png
 create mode 100644 OT355/OT355_weekly_FLUX_1000_300000_last100days.txt
 create mode 100644 OT355/OT355_weekly_FLUX_100_300000_last100days.png
 create mode 100644 OT355/OT355_weekly_FLUX_100_300000_last100days.txt
 create mode 100644 OT355/index.html
 create mode 100644 OX169/OX169_604800.lc
 create mode 100644 OX169/OX169_86400.lc
 create mode 100644 OX169/OX169_daily_FLUX_1000_300000_last100days.png
 create mode 100644 OX169/OX169_daily_FLUX_1000_300000_last100days.txt
 create mode 100644 OX169/OX169_daily_FLUX_100_300000_last100days.png
 create mode 100644 OX169/OX169_daily_FLUX_100_300000_last100days.txt
 create mode 100644 OX169/OX169_weekly_FLUX_1000_300000_last100days.png
 create mode 100644 OX169/OX169_weekly_FLUX_1000_300000_last100days.txt
 create mode 100644 OX169/OX169_weekly_FLUX_100_300000_last100days.png
 create mode 100644 OX169/OX169_weekly_FLUX_100_300000_last100days.txt
 create mode 100644 OX169/Swift_OX169.txt
 create mode 100644 OX169/index.html
 create mode 100644 PG1553+113/PG1553+113_604800.lc
 create mode 100644 PG1553+113/PG1553+113_86400.lc
 create mode 100644 PG1553+113/PG1553+113_daily_FLUX_1000_300000_last100days.png
 create mode 100644 PG1553+113/PG1553+113_daily_FLUX_1000_300000_last100days.txt
 create mode 100644 PG1553+113/PG1553+113_daily_FLUX_100_300000_last100days.png
 create mode 100644 PG1553+113/PG1553+113_daily_FLUX_100_300000_last100days.txt
 create mode 100644 PG1553+113/PG1553+113_weekly_FLUX_1000_300000_last100days.png
 create mode 100644 PG1553+113/PG1553+113_weekly_FLUX_1000_300000_last100days.txt
 create mode 100644 PG1553+113/PG1553+113_weekly_FLUX_100_300000_last100days.png
 create mode 100644 PG1553+113/PG1553+113_weekly_FLUX_100_300000_last100days.txt
 create mode 100644 PG1553+113/Swift_PG1553+113.txt
 create mode 100644 PG1553+113/index.html
 create mode 100644 PKS0336-01/PKS0336-01_604800.lc
 create mode 100644 PKS0336-01/PKS0336-01_86400.lc
 create mode 100644 PKS0336-01/PKS0336-01_daily_FLUX_1000_300000_last100days.png
 create mode 100644 PKS0336-01/PKS0336-01_daily_FLUX_1000_300000_last100days.txt
 create mode 100644 PKS0336-01/PKS0336-01_daily_FLUX_100_300000_last100days.png
 create mode 100644 PKS0336-01/PKS0336-01_daily_FLUX_100_300000_last100days.txt
 create mode 100644 PKS0336-01/PKS0336-01_weekly_FLUX_1000_300000_last100days.png
 create mode 100644 PKS0336-01/PKS0336-01_weekly_FLUX_1000_300000_last100days.txt
 create mode 100644 PKS0336-01/PKS0336-01_weekly_FLUX_100_300000_last100days.png
 create mode 100644 PKS0336-01/PKS0336-01_weekly_FLUX_100_300000_last100days.txt
 create mode 100644 PKS0336-01/Swift_PKS0336-01.txt
 create mode 100644 PKS0336-01/index.html
 create mode 100644 PKS0502+049/PKS0502+049_604800.lc
 create mode 100644 PKS0502+049/PKS0502+049_86400.lc
 create mode 100644 PKS0502+049/PKS0502+049_daily_FLUX_1000_300000_last100days.png
 create mode 100644 PKS0502+049/PKS0502+049_daily_FLUX_1000_300000_last100days.txt
 create mode 100644 PKS0502+049/PKS0502+049_daily_FLUX_100_300000_last100days.png
 create mode 100644 PKS0502+049/PKS0502+049_daily_FLUX_100_300000_last100days.txt
 create mode 100644 PKS0502+049/PKS0502+049_weekly_FLUX_1000_300000_last100days.png
 create mode 100644 PKS0502+049/PKS0502+049_weekly_FLUX_1000_300000_last100days.txt
 create mode 100644 PKS0502+049/PKS0502+049_weekly_FLUX_100_300000_last100days.png
 create mode 100644 PKS0502+049/PKS0502+049_weekly_FLUX_100_300000_last100days.txt
 create mode 100644 PKS0502+049/Swift_PKS0502+049.txt
 create mode 100644 PKS0502+049/index.html
 create mode 100644 PKS0507+17/PKS0507+17_604800.lc
 create mode 100644 PKS0507+17/PKS0507+17_86400.lc
 create mode 100644 PKS0507+17/PKS0507+17_daily_FLUX_1000_300000_last100days.png
 create mode 100644 PKS0507+17/PKS0507+17_daily_FLUX_1000_300000_last100days.txt
 create mode 100644 PKS0507+17/PKS0507+17_daily_FLUX_100_300000_last100days.png
 create mode 100644 PKS0507+17/PKS0507+17_daily_FLUX_100_300000_last100days.txt
 create mode 100644 PKS0507+17/PKS0507+17_weekly_FLUX_1000_300000_last100days.png
 create mode 100644 PKS0507+17/PKS0507+17_weekly_FLUX_1000_300000_last100days.txt
 create mode 100644 PKS0507+17/PKS0507+17_weekly_FLUX_100_300000_last100days.png
 create mode 100644 PKS0507+17/PKS0507+17_weekly_FLUX_100_300000_last100days.txt
 create mode 100644 PKS0507+17/Swift_PKS0507+17.txt
 create mode 100644 PKS0507+17/index.html
 create mode 100644 PKS0736+01/PKS0736+01_604800.lc
 create mode 100644 PKS0736+01/PKS0736+01_86400.lc
 create mode 100644 PKS0736+01/PKS0736+01_daily_FLUX_1000_300000_last100days.png
 create mode 100644 PKS0736+01/PKS0736+01_daily_FLUX_1000_300000_last100days.txt
 create mode 100644 PKS0736+01/PKS0736+01_daily_FLUX_100_300000_last100days.png
 create mode 100644 PKS0736+01/PKS0736+01_daily_FLUX_100_300000_last100days.txt
 create mode 100644 PKS0736+01/PKS0736+01_weekly_FLUX_1000_300000_last100days.png
 create mode 100644 PKS0736+01/PKS0736+01_weekly_FLUX_1000_300000_last100days.txt
 create mode 100644 PKS0736+01/PKS0736+01_weekly_FLUX_100_300000_last100days.png
 create mode 100644 PKS0736+01/PKS0736+01_weekly_FLUX_100_300000_last100days.txt
 create mode 100644 PKS0736+01/Swift_PKS0736+01.txt
 create mode 100644 PKS0736+01/index.html
 create mode 100644 PKS1725+123/PKS1725+123_604800.lc
 create mode 100644 PKS1725+123/PKS1725+123_86400.lc
 create mode 100644 PKS1725+123/PKS1725+123_daily_FLUX_1000_300000_last100days.png
 create mode 100644 PKS1725+123/PKS1725+123_daily_FLUX_1000_300000_last100days.txt
 create mode 100644 PKS1725+123/PKS1725+123_daily_FLUX_100_300000_last100days.png
 create mode 100644 PKS1725+123/PKS1725+123_daily_FLUX_100_300000_last100days.txt
 create mode 100644 PKS1725+123/PKS1725+123_weekly_FLUX_1000_300000_last100days.png
 create mode 100644 PKS1725+123/PKS1725+123_weekly_FLUX_1000_300000_last100days.txt
 create mode 100644 PKS1725+123/PKS1725+123_weekly_FLUX_100_300000_last100days.png
 create mode 100644 PKS1725+123/PKS1725+123_weekly_FLUX_100_300000_last100days.txt
 create mode 100644 PKS1725+123/index.html
 create mode 100644 PKS2023-07/PKS2023-07_604800.lc
 create mode 100644 PKS2023-07/PKS2023-07_86400.lc
 create mode 100644 PKS2023-07/PKS2023-07_daily_FLUX_1000_300000_last100days.png
 create mode 100644 PKS2023-07/PKS2023-07_daily_FLUX_1000_300000_last100days.txt
 create mode 100644 PKS2023-07/PKS2023-07_daily_FLUX_100_300000_last100days.png
 create mode 100644 PKS2023-07/PKS2023-07_daily_FLUX_100_300000_last100days.txt
 create mode 100644 PKS2023-07/PKS2023-07_weekly_FLUX_1000_300000_last100days.png
 create mode 100644 PKS2023-07/PKS2023-07_weekly_FLUX_1000_300000_last100days.txt
 create mode 100644 PKS2023-07/PKS2023-07_weekly_FLUX_100_300000_last100days.png
 create mode 100644 PKS2023-07/PKS2023-07_weekly_FLUX_100_300000_last100days.txt
 create mode 100644 PKS2023-07/Swift_PKS2023-07.txt
 create mode 100644 PKS2023-07/index.html
 create mode 100644 PKS2032+107/PKS2032+107_604800.lc
 create mode 100644 PKS2032+107/PKS2032+107_86400.lc
 create mode 100644 PKS2032+107/PKS2032+107_daily_FLUX_1000_300000_last100days.png
 create mode 100644 PKS2032+107/PKS2032+107_daily_FLUX_1000_300000_last100days.txt
 create mode 100644 PKS2032+107/PKS2032+107_daily_FLUX_100_300000_last100days.png
 create mode 100644 PKS2032+107/PKS2032+107_daily_FLUX_100_300000_last100days.txt
 create mode 100644 PKS2032+107/PKS2032+107_weekly_FLUX_1000_300000_last100days.png
 create mode 100644 PKS2032+107/PKS2032+107_weekly_FLUX_1000_300000_last100days.txt
 create mode 100644 PKS2032+107/PKS2032+107_weekly_FLUX_100_300000_last100days.png
 create mode 100644 PKS2032+107/PKS2032+107_weekly_FLUX_100_300000_last100days.txt
 create mode 100644 PKS2032+107/Swift_PKS2032+107.txt
 create mode 100644 PKS2032+107/index.html
 create mode 100644 PKS2144+092/PKS2144+092_604800.lc
 create mode 100644 PKS2144+092/PKS2144+092_86400.lc
 create mode 100644 PKS2144+092/PKS2144+092_daily_FLUX_1000_300000_last100days.png
 create mode 100644 PKS2144+092/PKS2144+092_daily_FLUX_1000_300000_last100days.txt
 create mode 100644 PKS2144+092/PKS2144+092_daily_FLUX_100_300000_last100days.png
 create mode 100644 PKS2144+092/PKS2144+092_daily_FLUX_100_300000_last100days.txt
 create mode 100644 PKS2144+092/PKS2144+092_weekly_FLUX_1000_300000_last100days.png
 create mode 100644 PKS2144+092/PKS2144+092_weekly_FLUX_1000_300000_last100days.txt
 create mode 100644 PKS2144+092/PKS2144+092_weekly_FLUX_100_300000_last100days.png
 create mode 100644 PKS2144+092/PKS2144+092_weekly_FLUX_100_300000_last100days.txt
 create mode 100644 PKS2144+092/Swift_PKS2144+092.txt
 create mode 100644 PKS2144+092/index.html
 create mode 100644 PKS2246+208/PKS2246+208_604800.lc
 create mode 100644 PKS2246+208/PKS2246+208_86400.lc
 create mode 100644 PKS2246+208/PKS2246+208_daily_FLUX_1000_300000_last100days.png
 create mode 100644 PKS2246+208/PKS2246+208_daily_FLUX_1000_300000_last100days.txt
 create mode 100644 PKS2246+208/PKS2246+208_daily_FLUX_100_300000_last100days.png
 create mode 100644 PKS2246+208/PKS2246+208_daily_FLUX_100_300000_last100days.txt
 create mode 100644 PKS2246+208/PKS2246+208_weekly_FLUX_1000_300000_last100days.png
 create mode 100644 PKS2246+208/PKS2246+208_weekly_FLUX_1000_300000_last100days.txt
 create mode 100644 PKS2246+208/PKS2246+208_weekly_FLUX_100_300000_last100days.png
 create mode 100644 PKS2246+208/PKS2246+208_weekly_FLUX_100_300000_last100days.txt
 create mode 100644 PKS2246+208/index.html
 create mode 100644 PKS2320-035/PKS2320-035_604800.lc
 create mode 100644 PKS2320-035/PKS2320-035_86400.lc
 create mode 100644 PKS2320-035/PKS2320-035_daily_FLUX_1000_300000_last100days.png
 create mode 100644 PKS2320-035/PKS2320-035_daily_FLUX_1000_300000_last100days.txt
 create mode 100644 PKS2320-035/PKS2320-035_daily_FLUX_100_300000_last100days.png
 create mode 100644 PKS2320-035/PKS2320-035_daily_FLUX_100_300000_last100days.txt
 create mode 100644 PKS2320-035/PKS2320-035_weekly_FLUX_1000_300000_last100days.png
 create mode 100644 PKS2320-035/PKS2320-035_weekly_FLUX_1000_300000_last100days.txt
 create mode 100644 PKS2320-035/PKS2320-035_weekly_FLUX_100_300000_last100days.png
 create mode 100644 PKS2320-035/PKS2320-035_weekly_FLUX_100_300000_last100days.txt
 create mode 100644 PKS2320-035/Swift_PKS2320-035.txt
 create mode 100644 PKS2320-035/index.html
 create mode 100644 PKSB0906+015/PKSB0906+015_604800.lc
 create mode 100644 PKSB0906+015/PKSB0906+015_86400.lc
 create mode 100644 PKSB0906+015/PKSB0906+015_daily_FLUX_1000_300000_last100days.png
 create mode 100644 PKSB0906+015/PKSB0906+015_daily_FLUX_1000_300000_last100days.txt
 create mode 100644 PKSB0906+015/PKSB0906+015_daily_FLUX_100_300000_last100days.png
 create mode 100644 PKSB0906+015/PKSB0906+015_daily_FLUX_100_300000_last100days.txt
 create mode 100644 PKSB0906+015/PKSB0906+015_weekly_FLUX_1000_300000_last100days.png
 create mode 100644 PKSB0906+015/PKSB0906+015_weekly_FLUX_1000_300000_last100days.txt
 create mode 100644 PKSB0906+015/PKSB0906+015_weekly_FLUX_100_300000_last100days.png
 create mode 100644 PKSB0906+015/PKSB0906+015_weekly_FLUX_100_300000_last100days.txt
 create mode 100644 PKSB0906+015/Swift_PKSB0906+015.txt
 create mode 100644 PKSB0906+015/index.html
 create mode 100644 PKSB2258-022/PKSB2258-022_604800.lc
 create mode 100644 PKSB2258-022/PKSB2258-022_86400.lc
 create mode 100644 PKSB2258-022/PKSB2258-022_daily_FLUX_1000_300000_last100days.png
 create mode 100644 PKSB2258-022/PKSB2258-022_daily_FLUX_1000_300000_last100days.txt
 create mode 100644 PKSB2258-022/PKSB2258-022_daily_FLUX_100_300000_last100days.png
 create mode 100644 PKSB2258-022/PKSB2258-022_daily_FLUX_100_300000_last100days.txt
 create mode 100644 PKSB2258-022/PKSB2258-022_weekly_FLUX_1000_300000_last100days.png
 create mode 100644 PKSB2258-022/PKSB2258-022_weekly_FLUX_1000_300000_last100days.txt
 create mode 100644 PKSB2258-022/PKSB2258-022_weekly_FLUX_100_300000_last100days.png
 create mode 100644 PKSB2258-022/PKSB2258-022_weekly_FLUX_100_300000_last100days.txt
 create mode 100644 PKSB2258-022/index.html
 create mode 100644 PMNJ0017-0512/PMNJ0017-0512_604800.lc
 create mode 100644 PMNJ0017-0512/PMNJ0017-0512_86400.lc
 create mode 100644 PMNJ0017-0512/PMNJ0017-0512_daily_FLUX_1000_300000_last100days.png
 create mode 100644 PMNJ0017-0512/PMNJ0017-0512_daily_FLUX_1000_300000_last100days.txt
 create mode 100644 PMNJ0017-0512/PMNJ0017-0512_daily_FLUX_100_300000_last100days.png
 create mode 100644 PMNJ0017-0512/PMNJ0017-0512_daily_FLUX_100_300000_last100days.txt
 create mode 100644 PMNJ0017-0512/PMNJ0017-0512_weekly_FLUX_1000_300000_last100days.png
 create mode 100644 PMNJ0017-0512/PMNJ0017-0512_weekly_FLUX_1000_300000_last100days.txt
 create mode 100644 PMNJ0017-0512/PMNJ0017-0512_weekly_FLUX_100_300000_last100days.png
 create mode 100644 PMNJ0017-0512/PMNJ0017-0512_weekly_FLUX_100_300000_last100days.txt
 create mode 100644 PMNJ0017-0512/Swift_PMNJ0017-0512.txt
 create mode 100644 PMNJ0017-0512/index.html
 create mode 100644 README.md
 create mode 100644 RSOph/RSOph_604800.lc
 create mode 100644 RSOph/RSOph_86400.lc
 create mode 100644 RSOph/RSOph_daily_FLUX_1000_300000_last100days.png
 create mode 100644 RSOph/RSOph_daily_FLUX_1000_300000_last100days.txt
 create mode 100644 RSOph/RSOph_daily_FLUX_100_300000_last100days.png
 create mode 100644 RSOph/RSOph_daily_FLUX_100_300000_last100days.txt
 create mode 100644 RSOph/RSOph_weekly_FLUX_1000_300000_last100days.png
 create mode 100644 RSOph/RSOph_weekly_FLUX_1000_300000_last100days.txt
 create mode 100644 RSOph/RSOph_weekly_FLUX_100_300000_last100days.png
 create mode 100644 RSOph/RSOph_weekly_FLUX_100_300000_last100days.txt
 create mode 100644 RSOph/index.html
 create mode 100644 S30218+35/S30218+35_604800.lc
 create mode 100644 S30218+35/S30218+35_86400.lc
 create mode 100644 S30218+35/S30218+35_daily_FLUX_1000_300000_last100days.png
 create mode 100644 S30218+35/S30218+35_daily_FLUX_1000_300000_last100days.txt
 create mode 100644 S30218+35/S30218+35_daily_FLUX_100_300000_last100days.png
 create mode 100644 S30218+35/S30218+35_daily_FLUX_100_300000_last100days.txt
 create mode 100644 S30218+35/S30218+35_weekly_FLUX_1000_300000_last100days.png
 create mode 100644 S30218+35/S30218+35_weekly_FLUX_1000_300000_last100days.txt
 create mode 100644 S30218+35/S30218+35_weekly_FLUX_100_300000_last100days.png
 create mode 100644 S30218+35/S30218+35_weekly_FLUX_100_300000_last100days.txt
 create mode 100644 S30218+35/Swift_S30218+35.txt
 create mode 100644 S30218+35/index.html
 create mode 100644 S41726+45/S41726+45_604800.lc
 create mode 100644 S41726+45/S41726+45_86400.lc
 create mode 100644 S41726+45/S41726+45_daily_FLUX_1000_300000_last100days.png
 create mode 100644 S41726+45/S41726+45_daily_FLUX_1000_300000_last100days.txt
 create mode 100644 S41726+45/S41726+45_daily_FLUX_100_300000_last100days.png
 create mode 100644 S41726+45/S41726+45_daily_FLUX_100_300000_last100days.txt
 create mode 100644 S41726+45/S41726+45_weekly_FLUX_1000_300000_last100days.png
 create mode 100644 S41726+45/S41726+45_weekly_FLUX_1000_300000_last100days.txt
 create mode 100644 S41726+45/S41726+45_weekly_FLUX_100_300000_last100days.png
 create mode 100644 S41726+45/S41726+45_weekly_FLUX_100_300000_last100days.txt
 create mode 100644 S41726+45/index.html
 create mode 100644 S41749+70/S41749+70_604800.lc
 create mode 100644 S41749+70/S41749+70_86400.lc
 create mode 100644 S41749+70/S41749+70_daily_FLUX_1000_300000_last100days.png
 create mode 100644 S41749+70/S41749+70_daily_FLUX_1000_300000_last100days.txt
 create mode 100644 S41749+70/S41749+70_daily_FLUX_100_300000_last100days.png
 create mode 100644 S41749+70/S41749+70_daily_FLUX_100_300000_last100days.txt
 create mode 100644 S41749+70/S41749+70_weekly_FLUX_1000_300000_last100days.png
 create mode 100644 S41749+70/S41749+70_weekly_FLUX_1000_300000_last100days.txt
 create mode 100644 S41749+70/S41749+70_weekly_FLUX_100_300000_last100days.png
 create mode 100644 S41749+70/S41749+70_weekly_FLUX_100_300000_last100days.txt
 create mode 100644 S41749+70/Swift_S41749+70.txt
 create mode 100644 S41749+70/index.html
 create mode 100644 S41800+44/S41800+44_604800.lc
 create mode 100644 S41800+44/S41800+44_86400.lc
 create mode 100644 S41800+44/S41800+44_daily_FLUX_1000_300000_last100days.png
 create mode 100644 S41800+44/S41800+44_daily_FLUX_1000_300000_last100days.txt
 create mode 100644 S41800+44/S41800+44_daily_FLUX_100_300000_last100days.png
 create mode 100644 S41800+44/S41800+44_daily_FLUX_100_300000_last100days.txt
 create mode 100644 S41800+44/S41800+44_weekly_FLUX_1000_300000_last100days.png
 create mode 100644 S41800+44/S41800+44_weekly_FLUX_1000_300000_last100days.txt
 create mode 100644 S41800+44/S41800+44_weekly_FLUX_100_300000_last100days.png
 create mode 100644 S41800+44/S41800+44_weekly_FLUX_100_300000_last100days.txt
 create mode 100644 S41800+44/Swift_S41800+44.txt
 create mode 100644 S41800+44/index.html
 create mode 100644 Swift_LCs.html
 create mode 100644 TCrB/TCrB_604800.lc
 create mode 100644 TCrB/TCrB_86400.lc
 create mode 100644 TCrB/TCrB_daily_FLUX_1000_300000_last100days.png
 create mode 100644 TCrB/TCrB_daily_FLUX_1000_300000_last100days.txt
 create mode 100644 TCrB/TCrB_daily_FLUX_100_300000_last100days.png
 create mode 100644 TCrB/TCrB_daily_FLUX_100_300000_last100days.txt
 create mode 100644 TCrB/TCrB_weekly_FLUX_1000_300000_last100days.png
 create mode 100644 TCrB/TCrB_weekly_FLUX_1000_300000_last100days.txt
 create mode 100644 TCrB/TCrB_weekly_FLUX_100_300000_last100days.png
 create mode 100644 TCrB/TCrB_weekly_FLUX_100_300000_last100days.txt
 create mode 100644 TCrB/index.html
 create mode 100644 TXS0059+581/Swift_TXS0059+581.txt
 create mode 100644 TXS0059+581/TXS0059+581_604800.lc
 create mode 100644 TXS0059+581/TXS0059+581_86400.lc
 create mode 100644 TXS0059+581/TXS0059+581_daily_FLUX_1000_300000_last100days.png
 create mode 100644 TXS0059+581/TXS0059+581_daily_FLUX_1000_300000_last100days.txt
 create mode 100644 TXS0059+581/TXS0059+581_daily_FLUX_100_300000_last100days.png
 create mode 100644 TXS0059+581/TXS0059+581_daily_FLUX_100_300000_last100days.txt
 create mode 100644 TXS0059+581/TXS0059+581_weekly_FLUX_1000_300000_last100days.png
 create mode 100644 TXS0059+581/TXS0059+581_weekly_FLUX_1000_300000_last100days.txt
 create mode 100644 TXS0059+581/TXS0059+581_weekly_FLUX_100_300000_last100days.png
 create mode 100644 TXS0059+581/TXS0059+581_weekly_FLUX_100_300000_last100days.txt
 create mode 100644 TXS0059+581/index.html
 create mode 100644 TXS0358+210/TXS0358+210_604800.lc
 create mode 100644 TXS0358+210/TXS0358+210_86400.lc
 create mode 100644 TXS0358+210/TXS0358+210_daily_FLUX_1000_300000_last100days.png
 create mode 100644 TXS0358+210/TXS0358+210_daily_FLUX_1000_300000_last100days.txt
 create mode 100644 TXS0358+210/TXS0358+210_daily_FLUX_100_300000_last100days.png
 create mode 100644 TXS0358+210/TXS0358+210_daily_FLUX_100_300000_last100days.txt
 create mode 100644 TXS0358+210/TXS0358+210_weekly_FLUX_1000_300000_last100days.png
 create mode 100644 TXS0358+210/TXS0358+210_weekly_FLUX_1000_300000_last100days.txt
 create mode 100644 TXS0358+210/TXS0358+210_weekly_FLUX_100_300000_last100days.png
 create mode 100644 TXS0358+210/TXS0358+210_weekly_FLUX_100_300000_last100days.txt
 create mode 100644 TXS0358+210/index.html
 create mode 100644 TXS1923+123/TXS1923+123_604800.lc
 create mode 100644 TXS1923+123/TXS1923+123_86400.lc
 create mode 100644 TXS1923+123/TXS1923+123_daily_FLUX_1000_300000_last100days.png
 create mode 100644 TXS1923+123/TXS1923+123_daily_FLUX_1000_300000_last100days.txt
 create mode 100644 TXS1923+123/TXS1923+123_daily_FLUX_100_300000_last100days.png
 create mode 100644 TXS1923+123/TXS1923+123_daily_FLUX_100_300000_last100days.txt
 create mode 100644 TXS1923+123/TXS1923+123_weekly_FLUX_1000_300000_last100days.png
 create mode 100644 TXS1923+123/TXS1923+123_weekly_FLUX_1000_300000_last100days.txt
 create mode 100644 TXS1923+123/TXS1923+123_weekly_FLUX_100_300000_last100days.png
 create mode 100644 TXS1923+123/TXS1923+123_weekly_FLUX_100_300000_last100days.txt
 create mode 100644 TXS1923+123/index.html
 create mode 100644 TXS2013+370/Swift_TXS2013+370.txt
 create mode 100644 TXS2013+370/TXS2013+370_604800.lc
 create mode 100644 TXS2013+370/TXS2013+370_86400.lc
 create mode 100644 TXS2013+370/TXS2013+370_daily_FLUX_1000_300000_last100days.png
 create mode 100644 TXS2013+370/TXS2013+370_daily_FLUX_1000_300000_last100days.txt
 create mode 100644 TXS2013+370/TXS2013+370_daily_FLUX_100_300000_last100days.png
 create mode 100644 TXS2013+370/TXS2013+370_daily_FLUX_100_300000_last100days.txt
 create mode 100644 TXS2013+370/TXS2013+370_weekly_FLUX_1000_300000_last100days.png
 create mode 100644 TXS2013+370/TXS2013+370_weekly_FLUX_1000_300000_last100days.txt
 create mode 100644 TXS2013+370/TXS2013+370_weekly_FLUX_100_300000_last100days.png
 create mode 100644 TXS2013+370/TXS2013+370_weekly_FLUX_100_300000_last100days.txt
 create mode 100644 TXS2013+370/index.html
 create mode 100644 TXS2032+117/TXS2032+117_604800.lc
 create mode 100644 TXS2032+117/TXS2032+117_86400.lc
 create mode 100644 TXS2032+117/TXS2032+117_daily_FLUX_1000_300000_last100days.png
 create mode 100644 TXS2032+117/TXS2032+117_daily_FLUX_1000_300000_last100days.txt
 create mode 100644 TXS2032+117/TXS2032+117_daily_FLUX_100_300000_last100days.png
 create mode 100644 TXS2032+117/TXS2032+117_daily_FLUX_100_300000_last100days.txt
 create mode 100644 TXS2032+117/TXS2032+117_weekly_FLUX_1000_300000_last100days.png
 create mode 100644 TXS2032+117/TXS2032+117_weekly_FLUX_1000_300000_last100days.txt
 create mode 100644 TXS2032+117/TXS2032+117_weekly_FLUX_100_300000_last100days.png
 create mode 100644 TXS2032+117/TXS2032+117_weekly_FLUX_100_300000_last100days.txt
 create mode 100644 TXS2032+117/index.html
 create mode 100644 TXS2138+527/TXS2138+527_604800.lc
 create mode 100644 TXS2138+527/TXS2138+527_86400.lc
 create mode 100644 TXS2138+527/TXS2138+527_daily_FLUX_1000_300000_last100days.png
 create mode 100644 TXS2138+527/TXS2138+527_daily_FLUX_1000_300000_last100days.txt
 create mode 100644 TXS2138+527/TXS2138+527_daily_FLUX_100_300000_last100days.png
 create mode 100644 TXS2138+527/TXS2138+527_daily_FLUX_100_300000_last100days.txt
 create mode 100644 TXS2138+527/TXS2138+527_weekly_FLUX_1000_300000_last100days.png
 create mode 100644 TXS2138+527/TXS2138+527_weekly_FLUX_1000_300000_last100days.txt
 create mode 100644 TXS2138+527/TXS2138+527_weekly_FLUX_100_300000_last100days.png
 create mode 100644 TXS2138+527/TXS2138+527_weekly_FLUX_100_300000_last100days.txt
 create mode 100644 TXS2138+527/index.html
 create mode 100644 TXS2241+406/Swift_TXS2241+406.txt
 create mode 100644 TXS2241+406/TXS2241+406_604800.lc
 create mode 100644 TXS2241+406/TXS2241+406_86400.lc
 create mode 100644 TXS2241+406/TXS2241+406_daily_FLUX_1000_300000_last100days.png
 create mode 100644 TXS2241+406/TXS2241+406_daily_FLUX_1000_300000_last100days.txt
 create mode 100644 TXS2241+406/TXS2241+406_daily_FLUX_100_300000_last100days.png
 create mode 100644 TXS2241+406/TXS2241+406_daily_FLUX_100_300000_last100days.txt
 create mode 100644 TXS2241+406/TXS2241+406_weekly_FLUX_1000_300000_last100days.png
 create mode 100644 TXS2241+406/TXS2241+406_weekly_FLUX_1000_300000_last100days.txt
 create mode 100644 TXS2241+406/TXS2241+406_weekly_FLUX_100_300000_last100days.png
 create mode 100644 TXS2241+406/TXS2241+406_weekly_FLUX_100_300000_last100days.txt
 create mode 100644 TXS2241+406/index.html
 create mode 100644 TXS2358+209/TXS2358+209_604800.lc
 create mode 100644 TXS2358+209/TXS2358+209_86400.lc
 create mode 100644 TXS2358+209/TXS2358+209_daily_FLUX_1000_300000_last100days.png
 create mode 100644 TXS2358+209/TXS2358+209_daily_FLUX_1000_300000_last100days.txt
 create mode 100644 TXS2358+209/TXS2358+209_daily_FLUX_100_300000_last100days.png
 create mode 100644 TXS2358+209/TXS2358+209_daily_FLUX_100_300000_last100days.txt
 create mode 100644 TXS2358+209/TXS2358+209_weekly_FLUX_1000_300000_last100days.png
 create mode 100644 TXS2358+209/TXS2358+209_weekly_FLUX_1000_300000_last100days.txt
 create mode 100644 TXS2358+209/TXS2358+209_weekly_FLUX_100_300000_last100days.png
 create mode 100644 TXS2358+209/TXS2358+209_weekly_FLUX_100_300000_last100days.txt
 create mode 100644 TXS2358+209/index.html
 create mode 100644 VER0521+211/Swift_VER0521+211.txt
 create mode 100644 VER0521+211/VER0521+211_604800.lc
 create mode 100644 VER0521+211/VER0521+211_86400.lc
 create mode 100644 VER0521+211/VER0521+211_daily_FLUX_1000_300000_last100days.png
 create mode 100644 VER0521+211/VER0521+211_daily_FLUX_1000_300000_last100days.txt
 create mode 100644 VER0521+211/VER0521+211_daily_FLUX_100_300000_last100days.png
 create mode 100644 VER0521+211/VER0521+211_daily_FLUX_100_300000_last100days.txt
 create mode 100644 VER0521+211/VER0521+211_weekly_FLUX_1000_300000_last100days.png
 create mode 100644 VER0521+211/VER0521+211_weekly_FLUX_1000_300000_last100days.txt
 create mode 100644 VER0521+211/VER0521+211_weekly_FLUX_100_300000_last100days.png
 create mode 100644 VER0521+211/VER0521+211_weekly_FLUX_100_300000_last100days.txt
 create mode 100644 VER0521+211/index.html
 create mode 100644 github-latlcs-deploy.log
 create mode 100644 index.html
 create mode 100644 makeLATLCSite.log
To github-latlcs:UCD-HEAP/BAR.git
 + 6e8774f...cbb4003 gh-pages -> gh-pages (forced update)
=== Run finished: Wed Sep 23 16:31:58 IST 2026 ===
=== Run started: Thu Sep 24 16:31:55 IST 2026 ===
[gh-pages 3ae58ca] Auto-deploy: 2026-09-24T15:31:56Z
 Date: Mon Sep 14 17:45:15 2026 +0100
 969 files changed, 137072 insertions(+)
 create mode 100644 0235+164/0235+164_604800.lc
 create mode 100644 0235+164/0235+164_86400.lc
 create mode 100644 0235+164/0235+164_daily_FLUX_1000_300000_last100days.png
 create mode 100644 0235+164/0235+164_daily_FLUX_1000_300000_last100days.txt
 create mode 100644 0235+164/0235+164_daily_FLUX_100_300000_last100days.png
 create mode 100644 0235+164/0235+164_daily_FLUX_100_300000_last100days.txt
 create mode 100644 0235+164/0235+164_weekly_FLUX_1000_300000_last100days.png
 create mode 100644 0235+164/0235+164_weekly_FLUX_1000_300000_last100days.txt
 create mode 100644 0235+164/0235+164_weekly_FLUX_100_300000_last100days.png
 create mode 100644 0235+164/0235+164_weekly_FLUX_100_300000_last100days.txt
 create mode 100644 0235+164/Swift_0235+164.txt
 create mode 100644 0235+164/index.html
 create mode 100644 0716+714/0716+714_604800.lc
 create mode 100644 0716+714/0716+714_86400.lc
 create mode 100644 0716+714/0716+714_daily_FLUX_1000_300000_last100days.png
 create mode 100644 0716+714/0716+714_daily_FLUX_1000_300000_last100days.txt
 create mode 100644 0716+714/0716+714_daily_FLUX_100_300000_last100days.png
 create mode 100644 0716+714/0716+714_daily_FLUX_100_300000_last100days.txt
 create mode 100644 0716+714/0716+714_weekly_FLUX_1000_300000_last100days.png
 create mode 100644 0716+714/0716+714_weekly_FLUX_1000_300000_last100days.txt
 create mode 100644 0716+714/0716+714_weekly_FLUX_100_300000_last100days.png
 create mode 100644 0716+714/0716+714_weekly_FLUX_100_300000_last100days.txt
 create mode 100644 0716+714/Swift_0716+714.txt
 create mode 100644 0716+714/index.html
 create mode 100644 0827+243/0827+243_604800.lc
 create mode 100644 0827+243/0827+243_86400.lc
 create mode 100644 0827+243/0827+243_daily_FLUX_1000_300000_last100days.png
 create mode 100644 0827+243/0827+243_daily_FLUX_1000_300000_last100days.txt
 create mode 100644 0827+243/0827+243_daily_FLUX_100_300000_last100days.png
 create mode 100644 0827+243/0827+243_daily_FLUX_100_300000_last100days.txt
 create mode 100644 0827+243/0827+243_weekly_FLUX_1000_300000_last100days.png
 create mode 100644 0827+243/0827+243_weekly_FLUX_1000_300000_last100days.txt
 create mode 100644 0827+243/0827+243_weekly_FLUX_100_300000_last100days.png
 create mode 100644 0827+243/0827+243_weekly_FLUX_100_300000_last100days.txt
 create mode 100644 0827+243/Swift_0827+243.txt
 create mode 100644 0827+243/index.html
 create mode 100644 0FGLJ1641.4+3939/0FGLJ1641.4+3939_604800.lc
 create mode 100644 0FGLJ1641.4+3939/0FGLJ1641.4+3939_86400.lc
 create mode 100644 0FGLJ1641.4+3939/0FGLJ1641.4+3939_daily_FLUX_1000_300000_last100days.png
 create mode 100644 0FGLJ1641.4+3939/0FGLJ1641.4+3939_daily_FLUX_1000_300000_last100days.txt
 create mode 100644 0FGLJ1641.4+3939/0FGLJ1641.4+3939_daily_FLUX_100_300000_last100days.png
 create mode 100644 0FGLJ1641.4+3939/0FGLJ1641.4+3939_daily_FLUX_100_300000_last100days.txt
 create mode 100644 0FGLJ1641.4+3939/0FGLJ1641.4+3939_weekly_FLUX_1000_300000_last100days.png
 create mode 100644 0FGLJ1641.4+3939/0FGLJ1641.4+3939_weekly_FLUX_1000_300000_last100days.txt
 create mode 100644 0FGLJ1641.4+3939/0FGLJ1641.4+3939_weekly_FLUX_100_300000_last100days.png
 create mode 100644 0FGLJ1641.4+3939/0FGLJ1641.4+3939_weekly_FLUX_100_300000_last100days.txt
 create mode 100644 0FGLJ1641.4+3939/index.html
 create mode 100644 1ES1959+650/1ES1959+650_604800.lc
 create mode 100644 1ES1959+650/1ES1959+650_86400.lc
 create mode 100644 1ES1959+650/1ES1959+650_daily_FLUX_1000_300000_last100days.png
 create mode 100644 1ES1959+650/1ES1959+650_daily_FLUX_1000_300000_last100days.txt
 create mode 100644 1ES1959+650/1ES1959+650_daily_FLUX_100_300000_last100days.png
 create mode 100644 1ES1959+650/1ES1959+650_daily_FLUX_100_300000_last100days.txt
 create mode 100644 1ES1959+650/1ES1959+650_weekly_FLUX_1000_300000_last100days.png
 create mode 100644 1ES1959+650/1ES1959+650_weekly_FLUX_1000_300000_last100days.txt
 create mode 100644 1ES1959+650/1ES1959+650_weekly_FLUX_100_300000_last100days.png
 create mode 100644 1ES1959+650/1ES1959+650_weekly_FLUX_100_300000_last100days.txt
 create mode 100644 1ES1959+650/Swift_1ES1959+650.txt
 create mode 100644 1ES1959+650/index.html
 create mode 100644 1ES2344+514/1ES2344+514_604800.lc
 create mode 100644 1ES2344+514/1ES2344+514_86400.lc
 create mode 100644 1ES2344+514/1ES2344+514_daily_FLUX_1000_300000_last100days.png
 create mode 100644 1ES2344+514/1ES2344+514_daily_FLUX_1000_300000_last100days.txt
 create mode 100644 1ES2344+514/1ES2344+514_daily_FLUX_100_300000_last100days.png
 create mode 100644 1ES2344+514/1ES2344+514_daily_FLUX_100_300000_last100days.txt
 create mode 100644 1ES2344+514/1ES2344+514_weekly_FLUX_1000_300000_last100days.png
 create mode 100644 1ES2344+514/1ES2344+514_weekly_FLUX_1000_300000_last100days.txt
 create mode 100644 1ES2344+514/1ES2344+514_weekly_FLUX_100_300000_last100days.png
 create mode 100644 1ES2344+514/1ES2344+514_weekly_FLUX_100_300000_last100days.txt
 create mode 100644 1ES2344+514/Swift_1ES2344+514.txt
 create mode 100644 1ES2344+514/index.html
 create mode 100644 1H0323+342/1H0323+342_604800.lc
 create mode 100644 1H0323+342/1H0323+342_86400.lc
 create mode 100644 1H0323+342/1H0323+342_daily_FLUX_1000_300000_last100days.png
 create mode 100644 1H0323+342/1H0323+342_daily_FLUX_1000_300000_last100days.txt
 create mode 100644 1H0323+342/1H0323+342_daily_FLUX_100_300000_last100days.png
 create mode 100644 1H0323+342/1H0323+342_daily_FLUX_100_300000_last100days.txt
 create mode 100644 1H0323+342/1H0323+342_weekly_FLUX_1000_300000_last100days.png
 create mode 100644 1H0323+342/1H0323+342_weekly_FLUX_1000_300000_last100days.txt
 create mode 100644 1H0323+342/1H0323+342_weekly_FLUX_100_300000_last100days.png
 create mode 100644 1H0323+342/1H0323+342_weekly_FLUX_100_300000_last100days.txt
 create mode 100644 1H0323+342/index.html
 create mode 100644 3C120/3C120_604800.lc
 create mode 100644 3C120/3C120_86400.lc
 create mode 100644 3C120/3C120_daily_FLUX_1000_300000_last100days.png
 create mode 100644 3C120/3C120_daily_FLUX_1000_300000_last100days.txt
 create mode 100644 3C120/3C120_daily_FLUX_100_300000_last100days.png
 create mode 100644 3C120/3C120_daily_FLUX_100_300000_last100days.txt
 create mode 100644 3C120/3C120_weekly_FLUX_1000_300000_last100days.png
 create mode 100644 3C120/3C120_weekly_FLUX_1000_300000_last100days.txt
 create mode 100644 3C120/3C120_weekly_FLUX_100_300000_last100days.png
 create mode 100644 3C120/3C120_weekly_FLUX_100_300000_last100days.txt
 create mode 100644 3C120/Swift_3C120.txt
 create mode 100644 3C120/index.html
 create mode 100644 3C138/3C138_604800.lc
 create mode 100644 3C138/3C138_86400.lc
 create mode 100644 3C138/3C138_daily_FLUX_1000_300000_last100days.png
 create mode 100644 3C138/3C138_daily_FLUX_1000_300000_last100days.txt
 create mode 100644 3C138/3C138_daily_FLUX_100_300000_last100days.png
 create mode 100644 3C138/3C138_daily_FLUX_100_300000_last100days.txt
 create mode 100644 3C138/3C138_weekly_FLUX_1000_300000_last100days.png
 create mode 100644 3C138/3C138_weekly_FLUX_1000_300000_last100days.txt
 create mode 100644 3C138/3C138_weekly_FLUX_100_300000_last100days.png
 create mode 100644 3C138/3C138_weekly_FLUX_100_300000_last100days.txt
 create mode 100644 3C138/index.html
 create mode 100644 3C216/3C216_604800.lc
 create mode 100644 3C216/3C216_86400.lc
 create mode 100644 3C216/3C216_daily_FLUX_1000_300000_last100days.png
 create mode 100644 3C216/3C216_daily_FLUX_1000_300000_last100days.txt
 create mode 100644 3C216/3C216_daily_FLUX_100_300000_last100days.png
 create mode 100644 3C216/3C216_daily_FLUX_100_300000_last100days.txt
 create mode 100644 3C216/3C216_weekly_FLUX_1000_300000_last100days.png
 create mode 100644 3C216/3C216_weekly_FLUX_1000_300000_last100days.txt
 create mode 100644 3C216/3C216_weekly_FLUX_100_300000_last100days.png
 create mode 100644 3C216/3C216_weekly_FLUX_100_300000_last100days.txt
 create mode 100644 3C216/index.html
 create mode 100644 3C395/3C395_604800.lc
 create mode 100644 3C395/3C395_86400.lc
 create mode 100644 3C395/3C395_daily_FLUX_1000_300000_last100days.png
 create mode 100644 3C395/3C395_daily_FLUX_1000_300000_last100days.txt
 create mode 100644 3C395/3C395_daily_FLUX_100_300000_last100days.png
 create mode 100644 3C395/3C395_daily_FLUX_100_300000_last100days.txt
 create mode 100644 3C395/3C395_weekly_FLUX_1000_300000_last100days.png
 create mode 100644 3C395/3C395_weekly_FLUX_1000_300000_last100days.txt
 create mode 100644 3C395/3C395_weekly_FLUX_100_300000_last100days.png
 create mode 100644 3C395/3C395_weekly_FLUX_100_300000_last100days.txt
 create mode 100644 3C395/index.html
 create mode 100644 3C446/3C446_604800.lc
 create mode 100644 3C446/3C446_86400.lc
 create mode 100644 3C446/3C446_daily_FLUX_1000_300000_last100days.png
 create mode 100644 3C446/3C446_daily_FLUX_1000_300000_last100days.txt
 create mode 100644 3C446/3C446_daily_FLUX_100_300000_last100days.png
 create mode 100644 3C446/3C446_daily_FLUX_100_300000_last100days.txt
 create mode 100644 3C446/3C446_weekly_FLUX_1000_300000_last100days.png
 create mode 100644 3C446/3C446_weekly_FLUX_1000_300000_last100days.txt
 create mode 100644 3C446/3C446_weekly_FLUX_100_300000_last100days.png
 create mode 100644 3C446/3C446_weekly_FLUX_100_300000_last100days.txt
 create mode 100644 3C446/Swift_3C446.txt
 create mode 100644 3C446/index.html
 create mode 100644 3C454.3/3C454.3_604800.lc
 create mode 100644 3C454.3/3C454.3_86400.lc
 create mode 100644 3C454.3/3C454.3_daily_FLUX_1000_300000_last100days.png
 create mode 100644 3C454.3/3C454.3_daily_FLUX_1000_300000_last100days.txt
 create mode 100644 3C454.3/3C454.3_daily_FLUX_100_300000_last100days.png
 create mode 100644 3C454.3/3C454.3_daily_FLUX_100_300000_last100days.txt
 create mode 100644 3C454.3/3C454.3_weekly_FLUX_1000_300000_last100days.png
 create mode 100644 3C454.3/3C454.3_weekly_FLUX_1000_300000_last100days.txt
 create mode 100644 3C454.3/3C454.3_weekly_FLUX_100_300000_last100days.png
 create mode 100644 3C454.3/3C454.3_weekly_FLUX_100_300000_last100days.txt
 create mode 100644 3C454.3/Swift_3C454.3.txt
 create mode 100644 3C454.3/index.html
 create mode 100644 3C66A/3C66A_604800.lc
 create mode 100644 3C66A/3C66A_86400.lc
 create mode 100644 3C66A/3C66A_daily_FLUX_1000_300000_last100days.png
 create mode 100644 3C66A/3C66A_daily_FLUX_1000_300000_last100days.txt
 create mode 100644 3C66A/3C66A_daily_FLUX_100_300000_last100days.png
 create mode 100644 3C66A/3C66A_daily_FLUX_100_300000_last100days.txt
 create mode 100644 3C66A/3C66A_weekly_FLUX_1000_300000_last100days.png
 create mode 100644 3C66A/3C66A_weekly_FLUX_1000_300000_last100days.txt
 create mode 100644 3C66A/3C66A_weekly_FLUX_100_300000_last100days.png
 create mode 100644 3C66A/3C66A_weekly_FLUX_100_300000_last100days.txt
 create mode 100644 3C66A/Swift_3C66A.txt
 create mode 100644 3C66A/index.html
 create mode 100644 4C+10.45/4C+10.45_604800.lc
 create mode 100644 4C+10.45/4C+10.45_86400.lc
 create mode 100644 4C+10.45/4C+10.45_daily_FLUX_1000_300000_last100days.png
 create mode 100644 4C+10.45/4C+10.45_daily_FLUX_1000_300000_last100days.txt
 create mode 100644 4C+10.45/4C+10.45_daily_FLUX_100_300000_last100days.png
 create mode 100644 4C+10.45/4C+10.45_daily_FLUX_100_300000_last100days.txt
 create mode 100644 4C+10.45/4C+10.45_weekly_FLUX_1000_300000_last100days.png
 create mode 100644 4C+10.45/4C+10.45_weekly_FLUX_1000_300000_last100days.txt
 create mode 100644 4C+10.45/4C+10.45_weekly_FLUX_100_300000_last100days.png
 create mode 100644 4C+10.45/4C+10.45_weekly_FLUX_100_300000_last100days.txt
 create mode 100644 4C+10.45/index.html
 create mode 100644 4C+27.50/4C+27.50_604800.lc
 create mode 100644 4C+27.50/4C+27.50_86400.lc
 create mode 100644 4C+27.50/4C+27.50_daily_FLUX_1000_300000_last100days.png
 create mode 100644 4C+27.50/4C+27.50_daily_FLUX_1000_300000_last100days.txt
 create mode 100644 4C+27.50/4C+27.50_daily_FLUX_100_300000_last100days.png
 create mode 100644 4C+27.50/4C+27.50_daily_FLUX_100_300000_last100days.txt
 create mode 100644 4C+27.50/4C+27.50_weekly_FLUX_1000_300000_last100days.png
 create mode 100644 4C+27.50/4C+27.50_weekly_FLUX_1000_300000_last100days.txt
 create mode 100644 4C+27.50/4C+27.50_weekly_FLUX_100_300000_last100days.png
 create mode 100644 4C+27.50/4C+27.50_weekly_FLUX_100_300000_last100days.txt
 create mode 100644 4C+27.50/index.html
 create mode 100644 4C+28.07/4C+28.07_604800.lc
 create mode 100644 4C+28.07/4C+28.07_86400.lc
 create mode 100644 4C+28.07/4C+28.07_daily_FLUX_1000_300000_last100days.png
 create mode 100644 4C+28.07/4C+28.07_daily_FLUX_1000_300000_last100days.txt
 create mode 100644 4C+28.07/4C+28.07_daily_FLUX_100_300000_last100days.png
 create mode 100644 4C+28.07/4C+28.07_daily_FLUX_100_300000_last100days.txt
 create mode 100644 4C+28.07/4C+28.07_weekly_FLUX_1000_300000_last100days.png
 create mode 100644 4C+28.07/4C+28.07_weekly_FLUX_1000_300000_last100days.txt
 create mode 100644 4C+28.07/4C+28.07_weekly_FLUX_100_300000_last100days.png
 create mode 100644 4C+28.07/4C+28.07_weekly_FLUX_100_300000_last100days.txt
 create mode 100644 4C+28.07/Swift_4C+28.07.txt
 create mode 100644 4C+28.07/index.html
 create mode 100644 4C14.23/4C14.23_604800.lc
 create mode 100644 4C14.23/4C14.23_86400.lc
 create mode 100644 4C14.23/4C14.23_daily_FLUX_1000_300000_last100days.png
 create mode 100644 4C14.23/4C14.23_daily_FLUX_1000_300000_last100days.txt
 create mode 100644 4C14.23/4C14.23_daily_FLUX_100_300000_last100days.png
 create mode 100644 4C14.23/4C14.23_daily_FLUX_100_300000_last100days.txt
 create mode 100644 4C14.23/4C14.23_weekly_FLUX_1000_300000_last100days.png
 create mode 100644 4C14.23/4C14.23_weekly_FLUX_1000_300000_last100days.txt
 create mode 100644 4C14.23/4C14.23_weekly_FLUX_100_300000_last100days.png
 create mode 100644 4C14.23/4C14.23_weekly_FLUX_100_300000_last100days.txt
 create mode 100644 4C14.23/index.html
 create mode 100644 4C31.03/4C31.03_604800.lc
 create mode 100644 4C31.03/4C31.03_86400.lc
 create mode 100644 4C31.03/4C31.03_daily_FLUX_1000_300000_last100days.png
 create mode 100644 4C31.03/4C31.03_daily_FLUX_1000_300000_last100days.txt
 create mode 100644 4C31.03/4C31.03_daily_FLUX_100_300000_last100days.png
 create mode 100644 4C31.03/4C31.03_daily_FLUX_100_300000_last100days.txt
 create mode 100644 4C31.03/4C31.03_weekly_FLUX_1000_300000_last100days.png
 create mode 100644 4C31.03/4C31.03_weekly_FLUX_1000_300000_last100days.txt
 create mode 100644 4C31.03/4C31.03_weekly_FLUX_100_300000_last100days.png
 create mode 100644 4C31.03/4C31.03_weekly_FLUX_100_300000_last100days.txt
 create mode 100644 4C31.03/Swift_4C31.03.txt
 create mode 100644 4C31.03/index.html
 create mode 100644 4FGLJ1706.8+1319/4FGLJ1706.8+1319_604800.lc
 create mode 100644 4FGLJ1706.8+1319/4FGLJ1706.8+1319_86400.lc
 create mode 100644 4FGLJ1706.8+1319/4FGLJ1706.8+1319_daily_FLUX_1000_300000_last100days.png
 create mode 100644 4FGLJ1706.8+1319/4FGLJ1706.8+1319_daily_FLUX_1000_300000_last100days.txt
 create mode 100644 4FGLJ1706.8+1319/4FGLJ1706.8+1319_daily_FLUX_100_300000_last100days.png
 create mode 100644 4FGLJ1706.8+1319/4FGLJ1706.8+1319_daily_FLUX_100_300000_last100days.txt
 create mode 100644 4FGLJ1706.8+1319/4FGLJ1706.8+1319_weekly_FLUX_1000_300000_last100days.png
 create mode 100644 4FGLJ1706.8+1319/4FGLJ1706.8+1319_weekly_FLUX_1000_300000_last100days.txt
 create mode 100644 4FGLJ1706.8+1319/4FGLJ1706.8+1319_weekly_FLUX_100_300000_last100days.png
 create mode 100644 4FGLJ1706.8+1319/4FGLJ1706.8+1319_weekly_FLUX_100_300000_last100days.txt
 create mode 100644 4FGLJ1706.8+1319/index.html
 create mode 100644 7C2238+5117/7C2238+5117_604800.lc
 create mode 100644 7C2238+5117/7C2238+5117_86400.lc
 create mode 100644 7C2238+5117/7C2238+5117_daily_FLUX_1000_300000_last100days.png
 create mode 100644 7C2238+5117/7C2238+5117_daily_FLUX_1000_300000_last100days.txt
 create mode 100644 7C2238+5117/7C2238+5117_daily_FLUX_100_300000_last100days.png
 create mode 100644 7C2238+5117/7C2238+5117_daily_FLUX_100_300000_last100days.txt
 create mode 100644 7C2238+5117/7C2238+5117_weekly_FLUX_1000_300000_last100days.png
 create mode 100644 7C2238+5117/7C2238+5117_weekly_FLUX_1000_300000_last100days.txt
 create mode 100644 7C2238+5117/7C2238+5117_weekly_FLUX_100_300000_last100days.png
 create mode 100644 7C2238+5117/7C2238+5117_weekly_FLUX_100_300000_last100days.txt
 create mode 100644 7C2238+5117/index.html
 create mode 100644 B20619+33/B20619+33_604800.lc
 create mode 100644 B20619+33/B20619+33_86400.lc
 create mode 100644 B20619+33/B20619+33_daily_FLUX_1000_300000_last100days.png
 create mode 100644 B20619+33/B20619+33_daily_FLUX_1000_300000_last100days.txt
 create mode 100644 B20619+33/B20619+33_daily_FLUX_100_300000_last100days.png
 create mode 100644 B20619+33/B20619+33_daily_FLUX_100_300000_last100days.txt
 create mode 100644 B20619+33/B20619+33_weekly_FLUX_1000_300000_last100days.png
 create mode 100644 B20619+33/B20619+33_weekly_FLUX_1000_300000_last100days.txt
 create mode 100644 B20619+33/B20619+33_weekly_FLUX_100_300000_last100days.png
 create mode 100644 B20619+33/B20619+33_weekly_FLUX_100_300000_last100days.txt
 create mode 100644 B20619+33/Swift_B20619+33.txt
 create mode 100644 B20619+33/index.html
 create mode 100644 B21504+37/B21504+37_604800.lc
 create mode 100644 B21504+37/B21504+37_86400.lc
 create mode 100644 B21504+37/B21504+37_daily_FLUX_1000_300000_last100days.png
 create mode 100644 B21504+37/B21504+37_daily_FLUX_1000_300000_last100days.txt
 create mode 100644 B21504+37/B21504+37_daily_FLUX_100_300000_last100days.png
 create mode 100644 B21504+37/B21504+37_daily_FLUX_100_300000_last100days.txt
 create mode 100644 B21504+37/B21504+37_weekly_FLUX_1000_300000_last100days.png
 create mode 100644 B21504+37/B21504+37_weekly_FLUX_1000_300000_last100days.txt
 create mode 100644 B21504+37/B21504+37_weekly_FLUX_100_300000_last100days.png
 create mode 100644 B21504+37/B21504+37_weekly_FLUX_100_300000_last100days.txt
 create mode 100644 B21504+37/index.html
 create mode 100644 B21520+31/B21520+31_604800.lc
 create mode 100644 B21520+31/B21520+31_86400.lc
 create mode 100644 B21520+31/B21520+31_daily_FLUX_1000_300000_last100days.png
 create mode 100644 B21520+31/B21520+31_daily_FLUX_1000_300000_last100days.txt
 create mode 100644 B21520+31/B21520+31_daily_FLUX_100_300000_last100days.png
 create mode 100644 B21520+31/B21520+31_daily_FLUX_100_300000_last100days.txt
 create mode 100644 B21520+31/B21520+31_weekly_FLUX_1000_300000_last100days.png
 create mode 100644 B21520+31/B21520+31_weekly_FLUX_1000_300000_last100days.txt
 create mode 100644 B21520+31/B21520+31_weekly_FLUX_100_300000_last100days.png
 create mode 100644 B21520+31/B21520+31_weekly_FLUX_100_300000_last100days.txt
 create mode 100644 B21520+31/Swift_B21520+31.txt
 create mode 100644 B21520+31/index.html
 create mode 100644 B21846+32B/B21846+32B_604800.lc
 create mode 100644 B21846+32B/B21846+32B_86400.lc
 create mode 100644 B21846+32B/B21846+32B_daily_FLUX_1000_300000_last100days.png
 create mode 100644 B21846+32B/B21846+32B_daily_FLUX_1000_300000_last100days.txt
 create mode 100644 B21846+32B/B21846+32B_daily_FLUX_100_300000_last100days.png
 create mode 100644 B21846+32B/B21846+32B_daily_FLUX_100_300000_last100days.txt
 create mode 100644 B21846+32B/B21846+32B_weekly_FLUX_1000_300000_last100days.png
 create mode 100644 B21846+32B/B21846+32B_weekly_FLUX_1000_300000_last100days.txt
 create mode 100644 B21846+32B/B21846+32B_weekly_FLUX_100_300000_last100days.png
 create mode 100644 B21846+32B/B21846+32B_weekly_FLUX_100_300000_last100days.txt
 create mode 100644 B21846+32B/Swift_B21846+32B.txt
 create mode 100644 B21846+32B/index.html
 create mode 100644 B30650+453/B30650+453_604800.lc
 create mode 100644 B30650+453/B30650+453_86400.lc
 create mode 100644 B30650+453/B30650+453_daily_FLUX_1000_300000_last100days.png
 create mode 100644 B30650+453/B30650+453_daily_FLUX_1000_300000_last100days.txt
 create mode 100644 B30650+453/B30650+453_daily_FLUX_100_300000_last100days.png
 create mode 100644 B30650+453/B30650+453_daily_FLUX_100_300000_last100days.txt
 create mode 100644 B30650+453/B30650+453_weekly_FLUX_1000_300000_last100days.png
 create mode 100644 B30650+453/B30650+453_weekly_FLUX_1000_300000_last100days.txt
 create mode 100644 B30650+453/B30650+453_weekly_FLUX_100_300000_last100days.png
 create mode 100644 B30650+453/B30650+453_weekly_FLUX_100_300000_last100days.txt
 create mode 100644 B30650+453/Swift_B30650+453.txt
 create mode 100644 B30650+453/index.html
 create mode 100644 B31708+433/B31708+433_604800.lc
 create mode 100644 B31708+433/B31708+433_86400.lc
 create mode 100644 B31708+433/B31708+433_daily_FLUX_1000_300000_last100days.png
 create mode 100644 B31708+433/B31708+433_daily_FLUX_1000_300000_last100days.txt
 create mode 100644 B31708+433/B31708+433_daily_FLUX_100_300000_last100days.png
 create mode 100644 B31708+433/B31708+433_daily_FLUX_100_300000_last100days.txt
 create mode 100644 B31708+433/B31708+433_weekly_FLUX_1000_300000_last100days.png
 create mode 100644 B31708+433/B31708+433_weekly_FLUX_1000_300000_last100days.txt
 create mode 100644 B31708+433/B31708+433_weekly_FLUX_100_300000_last100days.png
 create mode 100644 B31708+433/B31708+433_weekly_FLUX_100_300000_last100days.txt
 create mode 100644 B31708+433/Swift_B31708+433.txt
 create mode 100644 B31708+433/index.html
 create mode 100644 BLLac/BLLac_604800.lc
 create mode 100644 BLLac/BLLac_86400.lc
 create mode 100644 BLLac/BLLac_daily_FLUX_1000_300000_last100days.png
 create mode 100644 BLLac/BLLac_daily_FLUX_1000_300000_last100days.txt
 create mode 100644 BLLac/BLLac_daily_FLUX_100_300000_last100days.png
 create mode 100644 BLLac/BLLac_daily_FLUX_100_300000_last100days.txt
 create mode 100644 BLLac/BLLac_weekly_FLUX_1000_300000_last100days.png
 create mode 100644 BLLac/BLLac_weekly_FLUX_1000_300000_last100days.txt
 create mode 100644 BLLac/BLLac_weekly_FLUX_100_300000_last100days.png
 create mode 100644 BLLac/BLLac_weekly_FLUX_100_300000_last100days.txt
 create mode 100644 BLLac/Swift_BLLac.txt
 create mode 100644 BLLac/index.html
 create mode 100644 BZUJ0742+5444/BZUJ0742+5444_604800.lc
 create mode 100644 BZUJ0742+5444/BZUJ0742+5444_86400.lc
 create mode 100644 BZUJ0742+5444/BZUJ0742+5444_daily_FLUX_1000_300000_last100days.png
 create mode 100644 BZUJ0742+5444/BZUJ0742+5444_daily_FLUX_1000_300000_last100days.txt
 create mode 100644 BZUJ0742+5444/BZUJ0742+5444_daily_FLUX_100_300000_last100days.png
 create mode 100644 BZUJ0742+5444/BZUJ0742+5444_daily_FLUX_100_300000_last100days.txt
 create mode 100644 BZUJ0742+5444/BZUJ0742+5444_weekly_FLUX_1000_300000_last100days.png
 create mode 100644 BZUJ0742+5444/BZUJ0742+5444_weekly_FLUX_1000_300000_last100days.txt
 create mode 100644 BZUJ0742+5444/BZUJ0742+5444_weekly_FLUX_100_300000_last100days.png
 create mode 100644 BZUJ0742+5444/BZUJ0742+5444_weekly_FLUX_100_300000_last100days.txt
 create mode 100644 BZUJ0742+5444/index.html
 create mode 100644 CGRaBSJ0211+1051/CGRaBSJ0211+1051_604800.lc
 create mode 100644 CGRaBSJ0211+1051/CGRaBSJ0211+1051_86400.lc
 create mode 100644 CGRaBSJ0211+1051/CGRaBSJ0211+1051_daily_FLUX_1000_300000_last100days.png
 create mode 100644 CGRaBSJ0211+1051/CGRaBSJ0211+1051_daily_FLUX_1000_300000_last100days.txt
 create mode 100644 CGRaBSJ0211+1051/CGRaBSJ0211+1051_daily_FLUX_100_300000_last100days.png
 create mode 100644 CGRaBSJ0211+1051/CGRaBSJ0211+1051_daily_FLUX_100_300000_last100days.txt
 create mode 100644 CGRaBSJ0211+1051/CGRaBSJ0211+1051_weekly_FLUX_1000_300000_last100days.png
 create mode 100644 CGRaBSJ0211+1051/CGRaBSJ0211+1051_weekly_FLUX_1000_300000_last100days.txt
 create mode 100644 CGRaBSJ0211+1051/CGRaBSJ0211+1051_weekly_FLUX_100_300000_last100days.png
 create mode 100644 CGRaBSJ0211+1051/CGRaBSJ0211+1051_weekly_FLUX_100_300000_last100days.txt
 create mode 100644 CGRaBSJ0211+1051/Swift_CGRaBSJ0211+1051.txt
 create mode 100644 CGRaBSJ0211+1051/index.html
 create mode 100644 CGRaBSJ1848+3219/CGRaBSJ1848+3219_604800.lc
 create mode 100644 CGRaBSJ1848+3219/CGRaBSJ1848+3219_86400.lc
 create mode 100644 CGRaBSJ1848+3219/CGRaBSJ1848+3219_daily_FLUX_1000_300000_last100days.png
 create mode 100644 CGRaBSJ1848+3219/CGRaBSJ1848+3219_daily_FLUX_1000_300000_last100days.txt
 create mode 100644 CGRaBSJ1848+3219/CGRaBSJ1848+3219_daily_FLUX_100_300000_last100days.png
 create mode 100644 CGRaBSJ1848+3219/CGRaBSJ1848+3219_daily_FLUX_100_300000_last100days.txt
 create mode 100644 CGRaBSJ1848+3219/CGRaBSJ1848+3219_weekly_FLUX_1000_300000_last100days.png
 create mode 100644 CGRaBSJ1848+3219/CGRaBSJ1848+3219_weekly_FLUX_1000_300000_last100days.txt
 create mode 100644 CGRaBSJ1848+3219/CGRaBSJ1848+3219_weekly_FLUX_100_300000_last100days.png
 create mode 100644 CGRaBSJ1848+3219/CGRaBSJ1848+3219_weekly_FLUX_100_300000_last100days.txt
 create mode 100644 CGRaBSJ1848+3219/Swift_CGRaBSJ1848+3219.txt
 create mode 100644 CGRaBSJ1848+3219/index.html
 create mode 100644 CGRaBSJ1849+6705/CGRaBSJ1849+6705_604800.lc
 create mode 100644 CGRaBSJ1849+6705/CGRaBSJ1849+6705_86400.lc
 create mode 100644 CGRaBSJ1849+6705/CGRaBSJ1849+6705_daily_FLUX_1000_300000_last100days.png
 create mode 100644 CGRaBSJ1849+6705/CGRaBSJ1849+6705_daily_FLUX_1000_300000_last100days.txt
 create mode 100644 CGRaBSJ1849+6705/CGRaBSJ1849+6705_daily_FLUX_100_300000_last100days.png
 create mode 100644 CGRaBSJ1849+6705/CGRaBSJ1849+6705_daily_FLUX_100_300000_last100days.txt
 create mode 100644 CGRaBSJ1849+6705/CGRaBSJ1849+6705_weekly_FLUX_1000_300000_last100days.png
 create mode 100644 CGRaBSJ1849+6705/CGRaBSJ1849+6705_weekly_FLUX_1000_300000_last100days.txt
 create mode 100644 CGRaBSJ1849+6705/CGRaBSJ1849+6705_weekly_FLUX_100_300000_last100days.png
 create mode 100644 CGRaBSJ1849+6705/CGRaBSJ1849+6705_weekly_FLUX_100_300000_last100days.txt
 create mode 100644 CGRaBSJ1849+6705/Swift_CGRaBSJ1849+6705.txt
 create mode 100644 CGRaBSJ1849+6705/index.html
 create mode 100644 CTA102/CTA102_604800.lc
 create mode 100644 CTA102/CTA102_86400.lc
 create mode 100644 CTA102/CTA102_daily_FLUX_1000_300000_last100days.png
 create mode 100644 CTA102/CTA102_daily_FLUX_1000_300000_last100days.txt
 create mode 100644 CTA102/CTA102_daily_FLUX_100_300000_last100days.png
 create mode 100644 CTA102/CTA102_daily_FLUX_100_300000_last100days.txt
 create mode 100644 CTA102/CTA102_weekly_FLUX_1000_300000_last100days.png
 create mode 100644 CTA102/CTA102_weekly_FLUX_1000_300000_last100days.txt
 create mode 100644 CTA102/CTA102_weekly_FLUX_100_300000_last100days.png
 create mode 100644 CTA102/CTA102_weekly_FLUX_100_300000_last100days.txt
 create mode 100644 CTA102/Swift_CTA102.txt
 create mode 100644 CTA102/index.html
 create mode 100644 CrabPulsar/CrabPulsar_604800.lc
 create mode 100644 CrabPulsar/CrabPulsar_86400.lc
 create mode 100644 CrabPulsar/CrabPulsar_daily_FLUX_1000_300000_last100days.png
 create mode 100644 CrabPulsar/CrabPulsar_daily_FLUX_1000_300000_last100days.txt
 create mode 100644 CrabPulsar/CrabPulsar_daily_FLUX_100_300000_last100days.png
 create mode 100644 CrabPulsar/CrabPulsar_daily_FLUX_100_300000_last100days.txt
 create mode 100644 CrabPulsar/CrabPulsar_weekly_FLUX_1000_300000_last100days.png
 create mode 100644 CrabPulsar/CrabPulsar_weekly_FLUX_1000_300000_last100days.txt
 create mode 100644 CrabPulsar/CrabPulsar_weekly_FLUX_100_300000_last100days.png
 create mode 100644 CrabPulsar/CrabPulsar_weekly_FLUX_100_300000_last100days.txt
 create mode 100644 CrabPulsar/index.html
 create mode 100644 CygnusX-3/CygnusX-3_604800.lc
 create mode 100644 CygnusX-3/CygnusX-3_86400.lc
 create mode 100644 CygnusX-3/CygnusX-3_daily_FLUX_1000_300000_last100days.png
 create mode 100644 CygnusX-3/CygnusX-3_daily_FLUX_1000_300000_last100days.txt
 create mode 100644 CygnusX-3/CygnusX-3_daily_FLUX_100_300000_last100days.png
 create mode 100644 CygnusX-3/CygnusX-3_daily_FLUX_100_300000_last100days.txt
 create mode 100644 CygnusX-3/CygnusX-3_weekly_FLUX_1000_300000_last100days.png
 create mode 100644 CygnusX-3/CygnusX-3_weekly_FLUX_1000_300000_last100days.txt
 create mode 100644 CygnusX-3/CygnusX-3_weekly_FLUX_100_300000_last100days.png
 create mode 100644 CygnusX-3/CygnusX-3_weekly_FLUX_100_300000_last100days.txt
 create mode 100644 CygnusX-3/index.html
 create mode 100644 FermiJ0008+6829/FermiJ0008+6829_604800.lc
 create mode 100644 FermiJ0008+6829/FermiJ0008+6829_86400.lc
 create mode 100644 FermiJ0008+6829/FermiJ0008+6829_daily_FLUX_1000_300000_last100days.png
 create mode 100644 FermiJ0008+6829/FermiJ0008+6829_daily_FLUX_1000_300000_last100days.txt
 create mode 100644 FermiJ0008+6829/FermiJ0008+6829_daily_FLUX_100_300000_last100days.png
 create mode 100644 FermiJ0008+6829/FermiJ0008+6829_daily_FLUX_100_300000_last100days.txt
 create mode 100644 FermiJ0008+6829/FermiJ0008+6829_weekly_FLUX_1000_300000_last100days.png
 create mode 100644 FermiJ0008+6829/FermiJ0008+6829_weekly_FLUX_1000_300000_last100days.txt
 create mode 100644 FermiJ0008+6829/FermiJ0008+6829_weekly_FLUX_100_300000_last100days.png
 create mode 100644 FermiJ0008+6829/FermiJ0008+6829_weekly_FLUX_100_300000_last100days.txt
 create mode 100644 FermiJ0008+6829/index.html
 create mode 100644 FermiJ0052+1110/FermiJ0052+1110_604800.lc
 create mode 100644 FermiJ0052+1110/FermiJ0052+1110_86400.lc
 create mode 100644 FermiJ0052+1110/FermiJ0052+1110_daily_FLUX_1000_300000_last100days.png
 create mode 100644 FermiJ0052+1110/FermiJ0052+1110_daily_FLUX_1000_300000_last100days.txt
 create mode 100644 FermiJ0052+1110/FermiJ0052+1110_daily_FLUX_100_300000_last100days.png
 create mode 100644 FermiJ0052+1110/FermiJ0052+1110_daily_FLUX_100_300000_last100days.txt
 create mode 100644 FermiJ0052+1110/FermiJ0052+1110_weekly_FLUX_1000_300000_last100days.png
 create mode 100644 FermiJ0052+1110/FermiJ0052+1110_weekly_FLUX_1000_300000_last100days.txt
 create mode 100644 FermiJ0052+1110/FermiJ0052+1110_weekly_FLUX_100_300000_last100days.png
 create mode 100644 FermiJ0052+1110/FermiJ0052+1110_weekly_FLUX_100_300000_last100days.txt
 create mode 100644 FermiJ0052+1110/index.html
 create mode 100644 FermiJ0431+5458/FermiJ0431+5458_604800.lc
 create mode 100644 FermiJ0431+5458/FermiJ0431+5458_86400.lc
 create mode 100644 FermiJ0431+5458/FermiJ0431+5458_daily_FLUX_1000_300000_last100days.png
 create mode 100644 FermiJ0431+5458/FermiJ0431+5458_daily_FLUX_1000_300000_last100days.txt
 create mode 100644 FermiJ0431+5458/FermiJ0431+5458_daily_FLUX_100_300000_last100days.png
 create mode 100644 FermiJ0431+5458/FermiJ0431+5458_daily_FLUX_100_300000_last100days.txt
 create mode 100644 FermiJ0431+5458/FermiJ0431+5458_weekly_FLUX_1000_300000_last100days.png
 create mode 100644 FermiJ0431+5458/FermiJ0431+5458_weekly_FLUX_1000_300000_last100days.txt
 create mode 100644 FermiJ0431+5458/FermiJ0431+5458_weekly_FLUX_100_300000_last100days.png
 create mode 100644 FermiJ0431+5458/FermiJ0431+5458_weekly_FLUX_100_300000_last100days.txt
 create mode 100644 FermiJ0431+5458/index.html
 create mode 100644 FermiJ0614+1713/FermiJ0614+1713_604800.lc
 create mode 100644 FermiJ0614+1713/FermiJ0614+1713_86400.lc
 create mode 100644 FermiJ0614+1713/FermiJ0614+1713_daily_FLUX_1000_300000_last100days.png
 create mode 100644 FermiJ0614+1713/FermiJ0614+1713_daily_FLUX_1000_300000_last100days.txt
 create mode 100644 FermiJ0614+1713/FermiJ0614+1713_daily_FLUX_100_300000_last100days.png
 create mode 100644 FermiJ0614+1713/FermiJ0614+1713_daily_FLUX_100_300000_last100days.txt
 create mode 100644 FermiJ0614+1713/FermiJ0614+1713_weekly_FLUX_1000_300000_last100days.png
 create mode 100644 FermiJ0614+1713/FermiJ0614+1713_weekly_FLUX_1000_300000_last100days.txt
 create mode 100644 FermiJ0614+1713/FermiJ0614+1713_weekly_FLUX_100_300000_last100days.png
 create mode 100644 FermiJ0614+1713/FermiJ0614+1713_weekly_FLUX_100_300000_last100days.txt
 create mode 100644 FermiJ0614+1713/index.html
 create mode 100644 GB6J0713+5738/GB6J0713+5738_604800.lc
 create mode 100644 GB6J0713+5738/GB6J0713+5738_86400.lc
 create mode 100644 GB6J0713+5738/GB6J0713+5738_daily_FLUX_1000_300000_last100days.png
 create mode 100644 GB6J0713+5738/GB6J0713+5738_daily_FLUX_1000_300000_last100days.txt
 create mode 100644 GB6J0713+5738/GB6J0713+5738_daily_FLUX_100_300000_last100days.png
 create mode 100644 GB6J0713+5738/GB6J0713+5738_daily_FLUX_100_300000_last100days.txt
 create mode 100644 GB6J0713+5738/GB6J0713+5738_weekly_FLUX_1000_300000_last100days.png
 create mode 100644 GB6J0713+5738/GB6J0713+5738_weekly_FLUX_1000_300000_last100days.txt
 create mode 100644 GB6J0713+5738/GB6J0713+5738_weekly_FLUX_100_300000_last100days.png
 create mode 100644 GB6J0713+5738/GB6J0713+5738_weekly_FLUX_100_300000_last100days.txt
 create mode 100644 GB6J0713+5738/Swift_GB6J0713+5738.txt
 create mode 100644 GB6J0713+5738/index.html
 create mode 100644 GB6J1700+6830/GB6J1700+6830_604800.lc
 create mode 100644 GB6J1700+6830/GB6J1700+6830_86400.lc
 create mode 100644 GB6J1700+6830/GB6J1700+6830_daily_FLUX_1000_300000_last100days.png
 create mode 100644 GB6J1700+6830/GB6J1700+6830_daily_FLUX_1000_300000_last100days.txt
 create mode 100644 GB6J1700+6830/GB6J1700+6830_daily_FLUX_100_300000_last100days.png
 create mode 100644 GB6J1700+6830/GB6J1700+6830_daily_FLUX_100_300000_last100days.txt
 create mode 100644 GB6J1700+6830/GB6J1700+6830_weekly_FLUX_1000_300000_last100days.png
 create mode 100644 GB6J1700+6830/GB6J1700+6830_weekly_FLUX_1000_300000_last100days.txt
 create mode 100644 GB6J1700+6830/GB6J1700+6830_weekly_FLUX_100_300000_last100days.png
 create mode 100644 GB6J1700+6830/GB6J1700+6830_weekly_FLUX_100_300000_last100days.txt
 create mode 100644 GB6J1700+6830/Swift_GB6J1700+6830.txt
 create mode 100644 GB6J1700+6830/index.html
 create mode 100644 LATLC_last_update.txt
 create mode 100644 LATLC_objects.txt
 create mode 100644 LSI+61303/LSI+61303_604800.lc
 create mode 100644 LSI+61303/LSI+61303_86400.lc
 create mode 100644 LSI+61303/LSI+61303_daily_FLUX_1000_300000_last100days.png
 create mode 100644 LSI+61303/LSI+61303_daily_FLUX_1000_300000_last100days.txt
 create mode 100644 LSI+61303/LSI+61303_daily_FLUX_100_300000_last100days.png
 create mode 100644 LSI+61303/LSI+61303_daily_FLUX_100_300000_last100days.txt
 create mode 100644 LSI+61303/LSI+61303_weekly_FLUX_1000_300000_last100days.png
 create mode 100644 LSI+61303/LSI+61303_weekly_FLUX_1000_300000_last100days.txt
 create mode 100644 LSI+61303/LSI+61303_weekly_FLUX_100_300000_last100days.png
 create mode 100644 LSI+61303/LSI+61303_weekly_FLUX_100_300000_last100days.txt
 create mode 100644 LSI+61303/Swift_LSI+61303.txt
 create mode 100644 LSI+61303/index.html
 create mode 100644 MG2J071354+1934/MG2J071354+1934_604800.lc
 create mode 100644 MG2J071354+1934/MG2J071354+1934_86400.lc
 create mode 100644 MG2J071354+1934/MG2J071354+1934_daily_FLUX_1000_300000_last100days.png
 create mode 100644 MG2J071354+1934/MG2J071354+1934_daily_FLUX_1000_300000_last100days.txt
 create mode 100644 MG2J071354+1934/MG2J071354+1934_daily_FLUX_100_300000_last100days.png
 create mode 100644 MG2J071354+1934/MG2J071354+1934_daily_FLUX_100_300000_last100days.txt
 create mode 100644 MG2J071354+1934/MG2J071354+1934_weekly_FLUX_1000_300000_last100days.png
 create mode 100644 MG2J071354+1934/MG2J071354+1934_weekly_FLUX_1000_300000_last100days.txt
 create mode 100644 MG2J071354+1934/MG2J071354+1934_weekly_FLUX_100_300000_last100days.png
 create mode 100644 MG2J071354+1934/MG2J071354+1934_weekly_FLUX_100_300000_last100days.txt
 create mode 100644 MG2J071354+1934/index.html
 create mode 100644 Mrk501/Mrk501_604800.lc
 create mode 100644 Mrk501/Mrk501_86400.lc
 create mode 100644 Mrk501/Mrk501_daily_FLUX_1000_300000_last100days.png
 create mode 100644 Mrk501/Mrk501_daily_FLUX_1000_300000_last100days.txt
 create mode 100644 Mrk501/Mrk501_daily_FLUX_100_300000_last100days.png
 create mode 100644 Mrk501/Mrk501_daily_FLUX_100_300000_last100days.txt
 create mode 100644 Mrk501/Mrk501_weekly_FLUX_1000_300000_last100days.png
 create mode 100644 Mrk501/Mrk501_weekly_FLUX_1000_300000_last100days.txt
 create mode 100644 Mrk501/Mrk501_weekly_FLUX_100_300000_last100days.png
 create mode 100644 Mrk501/Mrk501_weekly_FLUX_100_300000_last100days.txt
 create mode 100644 Mrk501/Swift_Mrk501.txt
 create mode 100644 Mrk501/index.html
 create mode 100644 NGC1275/NGC1275_604800.lc
 create mode 100644 NGC1275/NGC1275_86400.lc
 create mode 100644 NGC1275/NGC1275_daily_FLUX_1000_300000_last100days.png
 create mode 100644 NGC1275/NGC1275_daily_FLUX_1000_300000_last100days.txt
 create mode 100644 NGC1275/NGC1275_daily_FLUX_100_300000_last100days.png
 create mode 100644 NGC1275/NGC1275_daily_FLUX_100_300000_last100days.txt
 create mode 100644 NGC1275/NGC1275_weekly_FLUX_1000_300000_last100days.png
 create mode 100644 NGC1275/NGC1275_weekly_FLUX_1000_300000_last100days.txt
 create mode 100644 NGC1275/NGC1275_weekly_FLUX_100_300000_last100days.png
 create mode 100644 NGC1275/NGC1275_weekly_FLUX_100_300000_last100days.txt
 create mode 100644 NGC1275/Swift_NGC1275.txt
 create mode 100644 NGC1275/index.html
 create mode 100644 NRAO190/PKS0458-02_604800.lc
 create mode 100644 NRAO190/PKS0458-02_86400.lc
 create mode 100644 NRAO190/PKS0458-02_daily_FLUX_1000_300000_last100days.png
 create mode 100644 NRAO190/PKS0458-02_daily_FLUX_1000_300000_last100days.txt
 create mode 100644 NRAO190/PKS0458-02_daily_FLUX_100_300000_last100days.png
 create mode 100644 NRAO190/PKS0458-02_daily_FLUX_100_300000_last100days.txt
 create mode 100644 NRAO190/PKS0458-02_weekly_FLUX_1000_300000_last100days.png
 create mode 100644 NRAO190/PKS0458-02_weekly_FLUX_1000_300000_last100days.txt
 create mode 100644 NRAO190/PKS0458-02_weekly_FLUX_100_300000_last100days.png
 create mode 100644 NRAO190/PKS0458-02_weekly_FLUX_100_300000_last100days.txt
 create mode 100644 NRAO190/Swift_PKS0458-02.txt
 create mode 100644 NRAO190/index.html
 create mode 100644 OG050/OG050_604800.lc
 create mode 100644 OG050/OG050_86400.lc
 create mode 100644 OG050/OG050_daily_FLUX_1000_300000_last100days.png
 create mode 100644 OG050/OG050_daily_FLUX_1000_300000_last100days.txt
 create mode 100644 OG050/OG050_daily_FLUX_100_300000_last100days.png
 create mode 100644 OG050/OG050_daily_FLUX_100_300000_last100days.txt
 create mode 100644 OG050/OG050_weekly_FLUX_1000_300000_last100days.png
 create mode 100644 OG050/OG050_weekly_FLUX_1000_300000_last100days.txt
 create mode 100644 OG050/OG050_weekly_FLUX_100_300000_last100days.png
 create mode 100644 OG050/OG050_weekly_FLUX_100_300000_last100days.txt
 create mode 100644 OG050/index.html
 create mode 100644 OI280/OI280_604800.lc
 create mode 100644 OI280/OI280_86400.lc
 create mode 100644 OI280/OI280_daily_FLUX_1000_300000_last100days.png
 create mode 100644 OI280/OI280_daily_FLUX_1000_300000_last100days.txt
 create mode 100644 OI280/OI280_daily_FLUX_100_300000_last100days.png
 create mode 100644 OI280/OI280_daily_FLUX_100_300000_last100days.txt
 create mode 100644 OI280/OI280_weekly_FLUX_1000_300000_last100days.png
 create mode 100644 OI280/OI280_weekly_FLUX_1000_300000_last100days.txt
 create mode 100644 OI280/OI280_weekly_FLUX_100_300000_last100days.png
 create mode 100644 OI280/OI280_weekly_FLUX_100_300000_last100days.txt
 create mode 100644 OI280/index.html
 create mode 100644 OJ287/OJ287_604800.lc
 create mode 100644 OJ287/OJ287_86400.lc
 create mode 100644 OJ287/OJ287_daily_FLUX_1000_300000_last100days.png
 create mode 100644 OJ287/OJ287_daily_FLUX_1000_300000_last100days.txt
 create mode 100644 OJ287/OJ287_daily_FLUX_100_300000_last100days.png
 create mode 100644 OJ287/OJ287_daily_FLUX_100_300000_last100days.txt
 create mode 100644 OJ287/OJ287_weekly_FLUX_1000_300000_last100days.png
 create mode 100644 OJ287/OJ287_weekly_FLUX_1000_300000_last100days.txt
 create mode 100644 OJ287/OJ287_weekly_FLUX_100_300000_last100days.png
 create mode 100644 OJ287/OJ287_weekly_FLUX_100_300000_last100days.txt
 create mode 100644 OJ287/Swift_OJ287.txt
 create mode 100644 OJ287/index.html
 create mode 100644 OK+630/OK+630_604800.lc
 create mode 100644 OK+630/OK+630_86400.lc
 create mode 100644 OK+630/OK+630_daily_FLUX_1000_300000_last100days.png
 create mode 100644 OK+630/OK+630_daily_FLUX_1000_300000_last100days.txt
 create mode 100644 OK+630/OK+630_daily_FLUX_100_300000_last100days.png
 create mode 100644 OK+630/OK+630_daily_FLUX_100_300000_last100days.txt
 create mode 100644 OK+630/OK+630_weekly_FLUX_1000_300000_last100days.png
 create mode 100644 OK+630/OK+630_weekly_FLUX_1000_300000_last100days.txt
 create mode 100644 OK+630/OK+630_weekly_FLUX_100_300000_last100days.png
 create mode 100644 OK+630/OK+630_weekly_FLUX_100_300000_last100days.txt
 create mode 100644 OK+630/index.html
 create mode 100644 OS300/OS300_604800.lc
 create mode 100644 OS300/OS300_86400.lc
 create mode 100644 OS300/OS300_daily_FLUX_1000_300000_last100days.png
 create mode 100644 OS300/OS300_daily_FLUX_1000_300000_last100days.txt
 create mode 100644 OS300/OS300_daily_FLUX_100_300000_last100days.png
 create mode 100644 OS300/OS300_daily_FLUX_100_300000_last100days.txt
 create mode 100644 OS300/OS300_weekly_FLUX_1000_300000_last100days.png
 create mode 100644 OS300/OS300_weekly_FLUX_1000_300000_last100days.txt
 create mode 100644 OS300/OS300_weekly_FLUX_100_300000_last100days.png
 create mode 100644 OS300/OS300_weekly_FLUX_100_300000_last100days.txt
 create mode 100644 OS300/Swift_OS300.txt
 create mode 100644 OS300/index.html
 create mode 100644 OT081/OT081_604800.lc
 create mode 100644 OT081/OT081_86400.lc
 create mode 100644 OT081/OT081_daily_FLUX_1000_300000_last100days.png
 create mode 100644 OT081/OT081_daily_FLUX_1000_300000_last100days.txt
 create mode 100644 OT081/OT081_daily_FLUX_100_300000_last100days.png
 create mode 100644 OT081/OT081_daily_FLUX_100_300000_last100days.txt
 create mode 100644 OT081/OT081_weekly_FLUX_1000_300000_last100days.png
 create mode 100644 OT081/OT081_weekly_FLUX_1000_300000_last100days.txt
 create mode 100644 OT081/OT081_weekly_FLUX_100_300000_last100days.png
 create mode 100644 OT081/OT081_weekly_FLUX_100_300000_last100days.txt
 create mode 100644 OT081/Swift_OT081.txt
 create mode 100644 OT081/index.html
 create mode 100644 OT355/OT355_604800.lc
 create mode 100644 OT355/OT355_86400.lc
 create mode 100644 OT355/OT355_daily_FLUX_1000_300000_last100days.png
 create mode 100644 OT355/OT355_daily_FLUX_1000_300000_last100days.txt
 create mode 100644 OT355/OT355_daily_FLUX_100_300000_last100days.png
 create mode 100644 OT355/OT355_daily_FLUX_100_300000_last100days.txt
 create mode 100644 OT355/OT355_weekly_FLUX_1000_300000_last100days.png
 create mode 100644 OT355/OT355_weekly_FLUX_1000_300000_last100days.txt
 create mode 100644 OT355/OT355_weekly_FLUX_100_300000_last100days.png
 create mode 100644 OT355/OT355_weekly_FLUX_100_300000_last100days.txt
 create mode 100644 OT355/index.html
 create mode 100644 OX169/OX169_604800.lc
 create mode 100644 OX169/OX169_86400.lc
 create mode 100644 OX169/OX169_daily_FLUX_1000_300000_last100days.png
 create mode 100644 OX169/OX169_daily_FLUX_1000_300000_last100days.txt
 create mode 100644 OX169/OX169_daily_FLUX_100_300000_last100days.png
 create mode 100644 OX169/OX169_daily_FLUX_100_300000_last100days.txt
 create mode 100644 OX169/OX169_weekly_FLUX_1000_300000_last100days.png
 create mode 100644 OX169/OX169_weekly_FLUX_1000_300000_last100days.txt
 create mode 100644 OX169/OX169_weekly_FLUX_100_300000_last100days.png
 create mode 100644 OX169/OX169_weekly_FLUX_100_300000_last100days.txt
 create mode 100644 OX169/Swift_OX169.txt
 create mode 100644 OX169/index.html
 create mode 100644 PG1553+113/PG1553+113_604800.lc
 create mode 100644 PG1553+113/PG1553+113_86400.lc
 create mode 100644 PG1553+113/PG1553+113_daily_FLUX_1000_300000_last100days.png
 create mode 100644 PG1553+113/PG1553+113_daily_FLUX_1000_300000_last100days.txt
 create mode 100644 PG1553+113/PG1553+113_daily_FLUX_100_300000_last100days.png
 create mode 100644 PG1553+113/PG1553+113_daily_FLUX_100_300000_last100days.txt
 create mode 100644 PG1553+113/PG1553+113_weekly_FLUX_1000_300000_last100days.png
 create mode 100644 PG1553+113/PG1553+113_weekly_FLUX_1000_300000_last100days.txt
 create mode 100644 PG1553+113/PG1553+113_weekly_FLUX_100_300000_last100days.png
 create mode 100644 PG1553+113/PG1553+113_weekly_FLUX_100_300000_last100days.txt
 create mode 100644 PG1553+113/Swift_PG1553+113.txt
 create mode 100644 PG1553+113/index.html
 create mode 100644 PKS0336-01/PKS0336-01_604800.lc
 create mode 100644 PKS0336-01/PKS0336-01_86400.lc
 create mode 100644 PKS0336-01/PKS0336-01_daily_FLUX_1000_300000_last100days.png
 create mode 100644 PKS0336-01/PKS0336-01_daily_FLUX_1000_300000_last100days.txt
 create mode 100644 PKS0336-01/PKS0336-01_daily_FLUX_100_300000_last100days.png
 create mode 100644 PKS0336-01/PKS0336-01_daily_FLUX_100_300000_last100days.txt
 create mode 100644 PKS0336-01/PKS0336-01_weekly_FLUX_1000_300000_last100days.png
 create mode 100644 PKS0336-01/PKS0336-01_weekly_FLUX_1000_300000_last100days.txt
 create mode 100644 PKS0336-01/PKS0336-01_weekly_FLUX_100_300000_last100days.png
 create mode 100644 PKS0336-01/PKS0336-01_weekly_FLUX_100_300000_last100days.txt
 create mode 100644 PKS0336-01/Swift_PKS0336-01.txt
 create mode 100644 PKS0336-01/index.html
 create mode 100644 PKS0502+049/PKS0502+049_604800.lc
 create mode 100644 PKS0502+049/PKS0502+049_86400.lc
 create mode 100644 PKS0502+049/PKS0502+049_daily_FLUX_1000_300000_last100days.png
 create mode 100644 PKS0502+049/PKS0502+049_daily_FLUX_1000_300000_last100days.txt
 create mode 100644 PKS0502+049/PKS0502+049_daily_FLUX_100_300000_last100days.png
 create mode 100644 PKS0502+049/PKS0502+049_daily_FLUX_100_300000_last100days.txt
 create mode 100644 PKS0502+049/PKS0502+049_weekly_FLUX_1000_300000_last100days.png
 create mode 100644 PKS0502+049/PKS0502+049_weekly_FLUX_1000_300000_last100days.txt
 create mode 100644 PKS0502+049/PKS0502+049_weekly_FLUX_100_300000_last100days.png
 create mode 100644 PKS0502+049/PKS0502+049_weekly_FLUX_100_300000_last100days.txt
 create mode 100644 PKS0502+049/Swift_PKS0502+049.txt
 create mode 100644 PKS0502+049/index.html
 create mode 100644 PKS0507+17/PKS0507+17_604800.lc
 create mode 100644 PKS0507+17/PKS0507+17_86400.lc
 create mode 100644 PKS0507+17/PKS0507+17_daily_FLUX_1000_300000_last100days.png
 create mode 100644 PKS0507+17/PKS0507+17_daily_FLUX_1000_300000_last100days.txt
 create mode 100644 PKS0507+17/PKS0507+17_daily_FLUX_100_300000_last100days.png
 create mode 100644 PKS0507+17/PKS0507+17_daily_FLUX_100_300000_last100days.txt
 create mode 100644 PKS0507+17/PKS0507+17_weekly_FLUX_1000_300000_last100days.png
 create mode 100644 PKS0507+17/PKS0507+17_weekly_FLUX_1000_300000_last100days.txt
 create mode 100644 PKS0507+17/PKS0507+17_weekly_FLUX_100_300000_last100days.png
 create mode 100644 PKS0507+17/PKS0507+17_weekly_FLUX_100_300000_last100days.txt
 create mode 100644 PKS0507+17/Swift_PKS0507+17.txt
 create mode 100644 PKS0507+17/index.html
 create mode 100644 PKS0736+01/PKS0736+01_604800.lc
 create mode 100644 PKS0736+01/PKS0736+01_86400.lc
 create mode 100644 PKS0736+01/PKS0736+01_daily_FLUX_1000_300000_last100days.png
 create mode 100644 PKS0736+01/PKS0736+01_daily_FLUX_1000_300000_last100days.txt
 create mode 100644 PKS0736+01/PKS0736+01_daily_FLUX_100_300000_last100days.png
 create mode 100644 PKS0736+01/PKS0736+01_daily_FLUX_100_300000_last100days.txt
 create mode 100644 PKS0736+01/PKS0736+01_weekly_FLUX_1000_300000_last100days.png
 create mode 100644 PKS0736+01/PKS0736+01_weekly_FLUX_1000_300000_last100days.txt
 create mode 100644 PKS0736+01/PKS0736+01_weekly_FLUX_100_300000_last100days.png
 create mode 100644 PKS0736+01/PKS0736+01_weekly_FLUX_100_300000_last100days.txt
 create mode 100644 PKS0736+01/Swift_PKS0736+01.txt
 create mode 100644 PKS0736+01/index.html
 create mode 100644 PKS1725+123/PKS1725+123_604800.lc
 create mode 100644 PKS1725+123/PKS1725+123_86400.lc
 create mode 100644 PKS1725+123/PKS1725+123_daily_FLUX_1000_300000_last100days.png
 create mode 100644 PKS1725+123/PKS1725+123_daily_FLUX_1000_300000_last100days.txt
 create mode 100644 PKS1725+123/PKS1725+123_daily_FLUX_100_300000_last100days.png
 create mode 100644 PKS1725+123/PKS1725+123_daily_FLUX_100_300000_last100days.txt
 create mode 100644 PKS1725+123/PKS1725+123_weekly_FLUX_1000_300000_last100days.png
 create mode 100644 PKS1725+123/PKS1725+123_weekly_FLUX_1000_300000_last100days.txt
 create mode 100644 PKS1725+123/PKS1725+123_weekly_FLUX_100_300000_last100days.png
 create mode 100644 PKS1725+123/PKS1725+123_weekly_FLUX_100_300000_last100days.txt
 create mode 100644 PKS1725+123/index.html
 create mode 100644 PKS2023-07/PKS2023-07_604800.lc
 create mode 100644 PKS2023-07/PKS2023-07_86400.lc
 create mode 100644 PKS2023-07/PKS2023-07_daily_FLUX_1000_300000_last100days.png
 create mode 100644 PKS2023-07/PKS2023-07_daily_FLUX_1000_300000_last100days.txt
 create mode 100644 PKS2023-07/PKS2023-07_daily_FLUX_100_300000_last100days.png
 create mode 100644 PKS2023-07/PKS2023-07_daily_FLUX_100_300000_last100days.txt
 create mode 100644 PKS2023-07/PKS2023-07_weekly_FLUX_1000_300000_last100days.png
 create mode 100644 PKS2023-07/PKS2023-07_weekly_FLUX_1000_300000_last100days.txt
 create mode 100644 PKS2023-07/PKS2023-07_weekly_FLUX_100_300000_last100days.png
 create mode 100644 PKS2023-07/PKS2023-07_weekly_FLUX_100_300000_last100days.txt
 create mode 100644 PKS2023-07/Swift_PKS2023-07.txt
 create mode 100644 PKS2023-07/index.html
 create mode 100644 PKS2032+107/PKS2032+107_604800.lc
 create mode 100644 PKS2032+107/PKS2032+107_86400.lc
 create mode 100644 PKS2032+107/PKS2032+107_daily_FLUX_1000_300000_last100days.png
 create mode 100644 PKS2032+107/PKS2032+107_daily_FLUX_1000_300000_last100days.txt
 create mode 100644 PKS2032+107/PKS2032+107_daily_FLUX_100_300000_last100days.png
 create mode 100644 PKS2032+107/PKS2032+107_daily_FLUX_100_300000_last100days.txt
 create mode 100644 PKS2032+107/PKS2032+107_weekly_FLUX_1000_300000_last100days.png
 create mode 100644 PKS2032+107/PKS2032+107_weekly_FLUX_1000_300000_last100days.txt
 create mode 100644 PKS2032+107/PKS2032+107_weekly_FLUX_100_300000_last100days.png
 create mode 100644 PKS2032+107/PKS2032+107_weekly_FLUX_100_300000_last100days.txt
 create mode 100644 PKS2032+107/Swift_PKS2032+107.txt
 create mode 100644 PKS2032+107/index.html
 create mode 100644 PKS2144+092/PKS2144+092_604800.lc
 create mode 100644 PKS2144+092/PKS2144+092_86400.lc
 create mode 100644 PKS2144+092/PKS2144+092_daily_FLUX_1000_300000_last100days.png
 create mode 100644 PKS2144+092/PKS2144+092_daily_FLUX_1000_300000_last100days.txt
 create mode 100644 PKS2144+092/PKS2144+092_daily_FLUX_100_300000_last100days.png
 create mode 100644 PKS2144+092/PKS2144+092_daily_FLUX_100_300000_last100days.txt
 create mode 100644 PKS2144+092/PKS2144+092_weekly_FLUX_1000_300000_last100days.png
 create mode 100644 PKS2144+092/PKS2144+092_weekly_FLUX_1000_300000_last100days.txt
 create mode 100644 PKS2144+092/PKS2144+092_weekly_FLUX_100_300000_last100days.png
 create mode 100644 PKS2144+092/PKS2144+092_weekly_FLUX_100_300000_last100days.txt
 create mode 100644 PKS2144+092/Swift_PKS2144+092.txt
 create mode 100644 PKS2144+092/index.html
 create mode 100644 PKS2246+208/PKS2246+208_604800.lc
 create mode 100644 PKS2246+208/PKS2246+208_86400.lc
 create mode 100644 PKS2246+208/PKS2246+208_daily_FLUX_1000_300000_last100days.png
 create mode 100644 PKS2246+208/PKS2246+208_daily_FLUX_1000_300000_last100days.txt
 create mode 100644 PKS2246+208/PKS2246+208_daily_FLUX_100_300000_last100days.png
 create mode 100644 PKS2246+208/PKS2246+208_daily_FLUX_100_300000_last100days.txt
 create mode 100644 PKS2246+208/PKS2246+208_weekly_FLUX_1000_300000_last100days.png
 create mode 100644 PKS2246+208/PKS2246+208_weekly_FLUX_1000_300000_last100days.txt
 create mode 100644 PKS2246+208/PKS2246+208_weekly_FLUX_100_300000_last100days.png
 create mode 100644 PKS2246+208/PKS2246+208_weekly_FLUX_100_300000_last100days.txt
 create mode 100644 PKS2246+208/index.html
 create mode 100644 PKS2320-035/PKS2320-035_604800.lc
 create mode 100644 PKS2320-035/PKS2320-035_86400.lc
 create mode 100644 PKS2320-035/PKS2320-035_daily_FLUX_1000_300000_last100days.png
 create mode 100644 PKS2320-035/PKS2320-035_daily_FLUX_1000_300000_last100days.txt
 create mode 100644 PKS2320-035/PKS2320-035_daily_FLUX_100_300000_last100days.png
 create mode 100644 PKS2320-035/PKS2320-035_daily_FLUX_100_300000_last100days.txt
 create mode 100644 PKS2320-035/PKS2320-035_weekly_FLUX_1000_300000_last100days.png
 create mode 100644 PKS2320-035/PKS2320-035_weekly_FLUX_1000_300000_last100days.txt
 create mode 100644 PKS2320-035/PKS2320-035_weekly_FLUX_100_300000_last100days.png
 create mode 100644 PKS2320-035/PKS2320-035_weekly_FLUX_100_300000_last100days.txt
 create mode 100644 PKS2320-035/Swift_PKS2320-035.txt
 create mode 100644 PKS2320-035/index.html
 create mode 100644 PKSB0906+015/PKSB0906+015_604800.lc
 create mode 100644 PKSB0906+015/PKSB0906+015_86400.lc
 create mode 100644 PKSB0906+015/PKSB0906+015_daily_FLUX_1000_300000_last100days.png
 create mode 100644 PKSB0906+015/PKSB0906+015_daily_FLUX_1000_300000_last100days.txt
 create mode 100644 PKSB0906+015/PKSB0906+015_daily_FLUX_100_300000_last100days.png
 create mode 100644 PKSB0906+015/PKSB0906+015_daily_FLUX_100_300000_last100days.txt
 create mode 100644 PKSB0906+015/PKSB0906+015_weekly_FLUX_1000_300000_last100days.png
 create mode 100644 PKSB0906+015/PKSB0906+015_weekly_FLUX_1000_300000_last100days.txt
 create mode 100644 PKSB0906+015/PKSB0906+015_weekly_FLUX_100_300000_last100days.png
 create mode 100644 PKSB0906+015/PKSB0906+015_weekly_FLUX_100_300000_last100days.txt
 create mode 100644 PKSB0906+015/Swift_PKSB0906+015.txt
 create mode 100644 PKSB0906+015/index.html
 create mode 100644 PKSB2258-022/PKSB2258-022_604800.lc
 create mode 100644 PKSB2258-022/PKSB2258-022_86400.lc
 create mode 100644 PKSB2258-022/PKSB2258-022_daily_FLUX_1000_300000_last100days.png
 create mode 100644 PKSB2258-022/PKSB2258-022_daily_FLUX_1000_300000_last100days.txt
 create mode 100644 PKSB2258-022/PKSB2258-022_daily_FLUX_100_300000_last100days.png
 create mode 100644 PKSB2258-022/PKSB2258-022_daily_FLUX_100_300000_last100days.txt
 create mode 100644 PKSB2258-022/PKSB2258-022_weekly_FLUX_1000_300000_last100days.png
 create mode 100644 PKSB2258-022/PKSB2258-022_weekly_FLUX_1000_300000_last100days.txt
 create mode 100644 PKSB2258-022/PKSB2258-022_weekly_FLUX_100_300000_last100days.png
 create mode 100644 PKSB2258-022/PKSB2258-022_weekly_FLUX_100_300000_last100days.txt
 create mode 100644 PKSB2258-022/index.html
 create mode 100644 PMNJ0017-0512/PMNJ0017-0512_604800.lc
 create mode 100644 PMNJ0017-0512/PMNJ0017-0512_86400.lc
 create mode 100644 PMNJ0017-0512/PMNJ0017-0512_daily_FLUX_1000_300000_last100days.png
 create mode 100644 PMNJ0017-0512/PMNJ0017-0512_daily_FLUX_1000_300000_last100days.txt
 create mode 100644 PMNJ0017-0512/PMNJ0017-0512_daily_FLUX_100_300000_last100days.png
 create mode 100644 PMNJ0017-0512/PMNJ0017-0512_daily_FLUX_100_300000_last100days.txt
 create mode 100644 PMNJ0017-0512/PMNJ0017-0512_weekly_FLUX_1000_300000_last100days.png
 create mode 100644 PMNJ0017-0512/PMNJ0017-0512_weekly_FLUX_1000_300000_last100days.txt
 create mode 100644 PMNJ0017-0512/PMNJ0017-0512_weekly_FLUX_100_300000_last100days.png
 create mode 100644 PMNJ0017-0512/PMNJ0017-0512_weekly_FLUX_100_300000_last100days.txt
 create mode 100644 PMNJ0017-0512/Swift_PMNJ0017-0512.txt
 create mode 100644 PMNJ0017-0512/index.html
 create mode 100644 README.md
 create mode 100644 RSOph/RSOph_604800.lc
 create mode 100644 RSOph/RSOph_86400.lc
 create mode 100644 RSOph/RSOph_daily_FLUX_1000_300000_last100days.png
 create mode 100644 RSOph/RSOph_daily_FLUX_1000_300000_last100days.txt
 create mode 100644 RSOph/RSOph_daily_FLUX_100_300000_last100days.png
 create mode 100644 RSOph/RSOph_daily_FLUX_100_300000_last100days.txt
 create mode 100644 RSOph/RSOph_weekly_FLUX_1000_300000_last100days.png
 create mode 100644 RSOph/RSOph_weekly_FLUX_1000_300000_last100days.txt
 create mode 100644 RSOph/RSOph_weekly_FLUX_100_300000_last100days.png
 create mode 100644 RSOph/RSOph_weekly_FLUX_100_300000_last100days.txt
 create mode 100644 RSOph/index.html
 create mode 100644 S30218+35/S30218+35_604800.lc
 create mode 100644 S30218+35/S30218+35_86400.lc
 create mode 100644 S30218+35/S30218+35_daily_FLUX_1000_300000_last100days.png
 create mode 100644 S30218+35/S30218+35_daily_FLUX_1000_300000_last100days.txt
 create mode 100644 S30218+35/S30218+35_daily_FLUX_100_300000_last100days.png
 create mode 100644 S30218+35/S30218+35_daily_FLUX_100_300000_last100days.txt
 create mode 100644 S30218+35/S30218+35_weekly_FLUX_1000_300000_last100days.png
 create mode 100644 S30218+35/S30218+35_weekly_FLUX_1000_300000_last100days.txt
 create mode 100644 S30218+35/S30218+35_weekly_FLUX_100_300000_last100days.png
 create mode 100644 S30218+35/S30218+35_weekly_FLUX_100_300000_last100days.txt
 create mode 100644 S30218+35/Swift_S30218+35.txt
 create mode 100644 S30218+35/index.html
 create mode 100644 S41726+45/S41726+45_604800.lc
 create mode 100644 S41726+45/S41726+45_86400.lc
 create mode 100644 S41726+45/S41726+45_daily_FLUX_1000_300000_last100days.png
 create mode 100644 S41726+45/S41726+45_daily_FLUX_1000_300000_last100days.txt
 create mode 100644 S41726+45/S41726+45_daily_FLUX_100_300000_last100days.png
 create mode 100644 S41726+45/S41726+45_daily_FLUX_100_300000_last100days.txt
 create mode 100644 S41726+45/S41726+45_weekly_FLUX_1000_300000_last100days.png
 create mode 100644 S41726+45/S41726+45_weekly_FLUX_1000_300000_last100days.txt
 create mode 100644 S41726+45/S41726+45_weekly_FLUX_100_300000_last100days.png
 create mode 100644 S41726+45/S41726+45_weekly_FLUX_100_300000_last100days.txt
 create mode 100644 S41726+45/index.html
 create mode 100644 S41749+70/S41749+70_604800.lc
 create mode 100644 S41749+70/S41749+70_86400.lc
 create mode 100644 S41749+70/S41749+70_daily_FLUX_1000_300000_last100days.png
 create mode 100644 S41749+70/S41749+70_daily_FLUX_1000_300000_last100days.txt
 create mode 100644 S41749+70/S41749+70_daily_FLUX_100_300000_last100days.png
 create mode 100644 S41749+70/S41749+70_daily_FLUX_100_300000_last100days.txt
 create mode 100644 S41749+70/S41749+70_weekly_FLUX_1000_300000_last100days.png
 create mode 100644 S41749+70/S41749+70_weekly_FLUX_1000_300000_last100days.txt
 create mode 100644 S41749+70/S41749+70_weekly_FLUX_100_300000_last100days.png
 create mode 100644 S41749+70/S41749+70_weekly_FLUX_100_300000_last100days.txt
 create mode 100644 S41749+70/Swift_S41749+70.txt
 create mode 100644 S41749+70/index.html
 create mode 100644 S41800+44/S41800+44_604800.lc
 create mode 100644 S41800+44/S41800+44_86400.lc
 create mode 100644 S41800+44/S41800+44_daily_FLUX_1000_300000_last100days.png
 create mode 100644 S41800+44/S41800+44_daily_FLUX_1000_300000_last100days.txt
 create mode 100644 S41800+44/S41800+44_daily_FLUX_100_300000_last100days.png
 create mode 100644 S41800+44/S41800+44_daily_FLUX_100_300000_last100days.txt
 create mode 100644 S41800+44/S41800+44_weekly_FLUX_1000_300000_last100days.png
 create mode 100644 S41800+44/S41800+44_weekly_FLUX_1000_300000_last100days.txt
 create mode 100644 S41800+44/S41800+44_weekly_FLUX_100_300000_last100days.png
 create mode 100644 S41800+44/S41800+44_weekly_FLUX_100_300000_last100days.txt
 create mode 100644 S41800+44/Swift_S41800+44.txt
 create mode 100644 S41800+44/index.html
 create mode 100644 Swift_LCs.html
 create mode 100644 TCrB/TCrB_604800.lc
 create mode 100644 TCrB/TCrB_86400.lc
 create mode 100644 TCrB/TCrB_daily_FLUX_1000_300000_last100days.png
 create mode 100644 TCrB/TCrB_daily_FLUX_1000_300000_last100days.txt
 create mode 100644 TCrB/TCrB_daily_FLUX_100_300000_last100days.png
 create mode 100644 TCrB/TCrB_daily_FLUX_100_300000_last100days.txt
 create mode 100644 TCrB/TCrB_weekly_FLUX_1000_300000_last100days.png
 create mode 100644 TCrB/TCrB_weekly_FLUX_1000_300000_last100days.txt
 create mode 100644 TCrB/TCrB_weekly_FLUX_100_300000_last100days.png
 create mode 100644 TCrB/TCrB_weekly_FLUX_100_300000_last100days.txt
 create mode 100644 TCrB/index.html
 create mode 100644 TXS0059+581/Swift_TXS0059+581.txt
 create mode 100644 TXS0059+581/TXS0059+581_604800.lc
 create mode 100644 TXS0059+581/TXS0059+581_86400.lc
 create mode 100644 TXS0059+581/TXS0059+581_daily_FLUX_1000_300000_last100days.png
 create mode 100644 TXS0059+581/TXS0059+581_daily_FLUX_1000_300000_last100days.txt
 create mode 100644 TXS0059+581/TXS0059+581_daily_FLUX_100_300000_last100days.png
 create mode 100644 TXS0059+581/TXS0059+581_daily_FLUX_100_300000_last100days.txt
 create mode 100644 TXS0059+581/TXS0059+581_weekly_FLUX_1000_300000_last100days.png
 create mode 100644 TXS0059+581/TXS0059+581_weekly_FLUX_1000_300000_last100days.txt
 create mode 100644 TXS0059+581/TXS0059+581_weekly_FLUX_100_300000_last100days.png
 create mode 100644 TXS0059+581/TXS0059+581_weekly_FLUX_100_300000_last100days.txt
 create mode 100644 TXS0059+581/index.html
 create mode 100644 TXS0358+210/TXS0358+210_604800.lc
 create mode 100644 TXS0358+210/TXS0358+210_86400.lc
 create mode 100644 TXS0358+210/TXS0358+210_daily_FLUX_1000_300000_last100days.png
 create mode 100644 TXS0358+210/TXS0358+210_daily_FLUX_1000_300000_last100days.txt
 create mode 100644 TXS0358+210/TXS0358+210_daily_FLUX_100_300000_last100days.png
 create mode 100644 TXS0358+210/TXS0358+210_daily_FLUX_100_300000_last100days.txt
 create mode 100644 TXS0358+210/TXS0358+210_weekly_FLUX_1000_300000_last100days.png
 create mode 100644 TXS0358+210/TXS0358+210_weekly_FLUX_1000_300000_last100days.txt
 create mode 100644 TXS0358+210/TXS0358+210_weekly_FLUX_100_300000_last100days.png
 create mode 100644 TXS0358+210/TXS0358+210_weekly_FLUX_100_300000_last100days.txt
 create mode 100644 TXS0358+210/index.html
 create mode 100644 TXS1923+123/TXS1923+123_604800.lc
 create mode 100644 TXS1923+123/TXS1923+123_86400.lc
 create mode 100644 TXS1923+123/TXS1923+123_daily_FLUX_1000_300000_last100days.png
 create mode 100644 TXS1923+123/TXS1923+123_daily_FLUX_1000_300000_last100days.txt
 create mode 100644 TXS1923+123/TXS1923+123_daily_FLUX_100_300000_last100days.png
 create mode 100644 TXS1923+123/TXS1923+123_daily_FLUX_100_300000_last100days.txt
 create mode 100644 TXS1923+123/TXS1923+123_weekly_FLUX_1000_300000_last100days.png
 create mode 100644 TXS1923+123/TXS1923+123_weekly_FLUX_1000_300000_last100days.txt
 create mode 100644 TXS1923+123/TXS1923+123_weekly_FLUX_100_300000_last100days.png
 create mode 100644 TXS1923+123/TXS1923+123_weekly_FLUX_100_300000_last100days.txt
 create mode 100644 TXS1923+123/index.html
 create mode 100644 TXS2013+370/Swift_TXS2013+370.txt
 create mode 100644 TXS2013+370/TXS2013+370_604800.lc
 create mode 100644 TXS2013+370/TXS2013+370_86400.lc
 create mode 100644 TXS2013+370/TXS2013+370_daily_FLUX_1000_300000_last100days.png
 create mode 100644 TXS2013+370/TXS2013+370_daily_FLUX_1000_300000_last100days.txt
 create mode 100644 TXS2013+370/TXS2013+370_daily_FLUX_100_300000_last100days.png
 create mode 100644 TXS2013+370/TXS2013+370_daily_FLUX_100_300000_last100days.txt
 create mode 100644 TXS2013+370/TXS2013+370_weekly_FLUX_1000_300000_last100days.png
 create mode 100644 TXS2013+370/TXS2013+370_weekly_FLUX_1000_300000_last100days.txt
 create mode 100644 TXS2013+370/TXS2013+370_weekly_FLUX_100_300000_last100days.png
 create mode 100644 TXS2013+370/TXS2013+370_weekly_FLUX_100_300000_last100days.txt
 create mode 100644 TXS2013+370/index.html
 create mode 100644 TXS2032+117/TXS2032+117_604800.lc
 create mode 100644 TXS2032+117/TXS2032+117_86400.lc
 create mode 100644 TXS2032+117/TXS2032+117_daily_FLUX_1000_300000_last100days.png
 create mode 100644 TXS2032+117/TXS2032+117_daily_FLUX_1000_300000_last100days.txt
 create mode 100644 TXS2032+117/TXS2032+117_daily_FLUX_100_300000_last100days.png
 create mode 100644 TXS2032+117/TXS2032+117_daily_FLUX_100_300000_last100days.txt
 create mode 100644 TXS2032+117/TXS2032+117_weekly_FLUX_1000_300000_last100days.png
 create mode 100644 TXS2032+117/TXS2032+117_weekly_FLUX_1000_300000_last100days.txt
 create mode 100644 TXS2032+117/TXS2032+117_weekly_FLUX_100_300000_last100days.png
 create mode 100644 TXS2032+117/TXS2032+117_weekly_FLUX_100_300000_last100days.txt
 create mode 100644 TXS2032+117/index.html
 create mode 100644 TXS2138+527/TXS2138+527_604800.lc
 create mode 100644 TXS2138+527/TXS2138+527_86400.lc
 create mode 100644 TXS2138+527/TXS2138+527_daily_FLUX_1000_300000_last100days.png
 create mode 100644 TXS2138+527/TXS2138+527_daily_FLUX_1000_300000_last100days.txt
 create mode 100644 TXS2138+527/TXS2138+527_daily_FLUX_100_300000_last100days.png
 create mode 100644 TXS2138+527/TXS2138+527_daily_FLUX_100_300000_last100days.txt
 create mode 100644 TXS2138+527/TXS2138+527_weekly_FLUX_1000_300000_last100days.png
 create mode 100644 TXS2138+527/TXS2138+527_weekly_FLUX_1000_300000_last100days.txt
 create mode 100644 TXS2138+527/TXS2138+527_weekly_FLUX_100_300000_last100days.png
 create mode 100644 TXS2138+527/TXS2138+527_weekly_FLUX_100_300000_last100days.txt
 create mode 100644 TXS2138+527/index.html
 create mode 100644 TXS2241+406/Swift_TXS2241+406.txt
 create mode 100644 TXS2241+406/TXS2241+406_604800.lc
 create mode 100644 TXS2241+406/TXS2241+406_86400.lc
 create mode 100644 TXS2241+406/TXS2241+406_daily_FLUX_1000_300000_last100days.png
 create mode 100644 TXS2241+406/TXS2241+406_daily_FLUX_1000_300000_last100days.txt
 create mode 100644 TXS2241+406/TXS2241+406_daily_FLUX_100_300000_last100days.png
 create mode 100644 TXS2241+406/TXS2241+406_daily_FLUX_100_300000_last100days.txt
 create mode 100644 TXS2241+406/TXS2241+406_weekly_FLUX_1000_300000_last100days.png
 create mode 100644 TXS2241+406/TXS2241+406_weekly_FLUX_1000_300000_last100days.txt
 create mode 100644 TXS2241+406/TXS2241+406_weekly_FLUX_100_300000_last100days.png
 create mode 100644 TXS2241+406/TXS2241+406_weekly_FLUX_100_300000_last100days.txt
 create mode 100644 TXS2241+406/index.html
 create mode 100644 TXS2358+209/TXS2358+209_604800.lc
 create mode 100644 TXS2358+209/TXS2358+209_86400.lc
 create mode 100644 TXS2358+209/TXS2358+209_daily_FLUX_1000_300000_last100days.png
 create mode 100644 TXS2358+209/TXS2358+209_daily_FLUX_1000_300000_last100days.txt
 create mode 100644 TXS2358+209/TXS2358+209_daily_FLUX_100_300000_last100days.png
 create mode 100644 TXS2358+209/TXS2358+209_daily_FLUX_100_300000_last100days.txt
 create mode 100644 TXS2358+209/TXS2358+209_weekly_FLUX_1000_300000_last100days.png
 create mode 100644 TXS2358+209/TXS2358+209_weekly_FLUX_1000_300000_last100days.txt
 create mode 100644 TXS2358+209/TXS2358+209_weekly_FLUX_100_300000_last100days.png
 create mode 100644 TXS2358+209/TXS2358+209_weekly_FLUX_100_300000_last100days.txt
 create mode 100644 TXS2358+209/index.html
 create mode 100644 VER0521+211/Swift_VER0521+211.txt
 create mode 100644 VER0521+211/VER0521+211_604800.lc
 create mode 100644 VER0521+211/VER0521+211_86400.lc
 create mode 100644 VER0521+211/VER0521+211_daily_FLUX_1000_300000_last100days.png
 create mode 100644 VER0521+211/VER0521+211_daily_FLUX_1000_300000_last100days.txt
 create mode 100644 VER0521+211/VER0521+211_daily_FLUX_100_300000_last100days.png
 create mode 100644 VER0521+211/VER0521+211_daily_FLUX_100_300000_last100days.txt
 create mode 100644 VER0521+211/VER0521+211_weekly_FLUX_1000_300000_last100days.png
 create mode 100644 VER0521+211/VER0521+211_weekly_FLUX_1000_300000_last100days.txt
 create mode 100644 VER0521+211/VER0521+211_weekly_FLUX_100_300000_last100days.png
 create mode 100644 VER0521+211/VER0521+211_weekly_FLUX_100_300000_last100days.txt
 create mode 100644 VER0521+211/index.html
 create mode 100644 github-latlcs-deploy.log
 create mode 100644 index.html
 create mode 100644 makeLATLCSite.log
remote: Internal Server Error
remote: Request ID F43A:304CE7:3BA5:AC52:6AB5426C        
remote: Time 2026-09-24T15:32:07Z
To github-latlcs:UCD-HEAP/BAR.git
 ! [remote rejected] gh-pages -> gh-pages (Internal Server Error)
error: failed to push some refs to 'git@github-latlcs:UCD-HEAP/BAR.git'
=== Run started: Fri Sep 25 16:31:50 IST 2026 ===
[gh-pages a4790cb] Auto-deploy: 2026-09-25T15:31:51Z
 Date: Mon Sep 14 17:45:15 2026 +0100
 969 files changed, 138064 insertions(+)
 create mode 100644 0235+164/0235+164_604800.lc
 create mode 100644 0235+164/0235+164_86400.lc
 create mode 100644 0235+164/0235+164_daily_FLUX_1000_300000_last100days.png
 create mode 100644 0235+164/0235+164_daily_FLUX_1000_300000_last100days.txt
 create mode 100644 0235+164/0235+164_daily_FLUX_100_300000_last100days.png
 create mode 100644 0235+164/0235+164_daily_FLUX_100_300000_last100days.txt
 create mode 100644 0235+164/0235+164_weekly_FLUX_1000_300000_last100days.png
 create mode 100644 0235+164/0235+164_weekly_FLUX_1000_300000_last100days.txt
 create mode 100644 0235+164/0235+164_weekly_FLUX_100_300000_last100days.png
 create mode 100644 0235+164/0235+164_weekly_FLUX_100_300000_last100days.txt
 create mode 100644 0235+164/Swift_0235+164.txt
 create mode 100644 0235+164/index.html
 create mode 100644 0716+714/0716+714_604800.lc
 create mode 100644 0716+714/0716+714_86400.lc
 create mode 100644 0716+714/0716+714_daily_FLUX_1000_300000_last100days.png
 create mode 100644 0716+714/0716+714_daily_FLUX_1000_300000_last100days.txt
 create mode 100644 0716+714/0716+714_daily_FLUX_100_300000_last100days.png
 create mode 100644 0716+714/0716+714_daily_FLUX_100_300000_last100days.txt
 create mode 100644 0716+714/0716+714_weekly_FLUX_1000_300000_last100days.png
 create mode 100644 0716+714/0716+714_weekly_FLUX_1000_300000_last100days.txt
 create mode 100644 0716+714/0716+714_weekly_FLUX_100_300000_last100days.png
 create mode 100644 0716+714/0716+714_weekly_FLUX_100_300000_last100days.txt
 create mode 100644 0716+714/Swift_0716+714.txt
 create mode 100644 0716+714/index.html
 create mode 100644 0827+243/0827+243_604800.lc
 create mode 100644 0827+243/0827+243_86400.lc
 create mode 100644 0827+243/0827+243_daily_FLUX_1000_300000_last100days.png
 create mode 100644 0827+243/0827+243_daily_FLUX_1000_300000_last100days.txt
 create mode 100644 0827+243/0827+243_daily_FLUX_100_300000_last100days.png
 create mode 100644 0827+243/0827+243_daily_FLUX_100_300000_last100days.txt
 create mode 100644 0827+243/0827+243_weekly_FLUX_1000_300000_last100days.png
 create mode 100644 0827+243/0827+243_weekly_FLUX_1000_300000_last100days.txt
 create mode 100644 0827+243/0827+243_weekly_FLUX_100_300000_last100days.png
 create mode 100644 0827+243/0827+243_weekly_FLUX_100_300000_last100days.txt
 create mode 100644 0827+243/Swift_0827+243.txt
 create mode 100644 0827+243/index.html
 create mode 100644 0FGLJ1641.4+3939/0FGLJ1641.4+3939_604800.lc
 create mode 100644 0FGLJ1641.4+3939/0FGLJ1641.4+3939_86400.lc
 create mode 100644 0FGLJ1641.4+3939/0FGLJ1641.4+3939_daily_FLUX_1000_300000_last100days.png
 create mode 100644 0FGLJ1641.4+3939/0FGLJ1641.4+3939_daily_FLUX_1000_300000_last100days.txt
 create mode 100644 0FGLJ1641.4+3939/0FGLJ1641.4+3939_daily_FLUX_100_300000_last100days.png
 create mode 100644 0FGLJ1641.4+3939/0FGLJ1641.4+3939_daily_FLUX_100_300000_last100days.txt
 create mode 100644 0FGLJ1641.4+3939/0FGLJ1641.4+3939_weekly_FLUX_1000_300000_last100days.png
 create mode 100644 0FGLJ1641.4+3939/0FGLJ1641.4+3939_weekly_FLUX_1000_300000_last100days.txt
 create mode 100644 0FGLJ1641.4+3939/0FGLJ1641.4+3939_weekly_FLUX_100_300000_last100days.png
 create mode 100644 0FGLJ1641.4+3939/0FGLJ1641.4+3939_weekly_FLUX_100_300000_last100days.txt
 create mode 100644 0FGLJ1641.4+3939/index.html
 create mode 100644 1ES1959+650/1ES1959+650_604800.lc
 create mode 100644 1ES1959+650/1ES1959+650_86400.lc
 create mode 100644 1ES1959+650/1ES1959+650_daily_FLUX_1000_300000_last100days.png
 create mode 100644 1ES1959+650/1ES1959+650_daily_FLUX_1000_300000_last100days.txt
 create mode 100644 1ES1959+650/1ES1959+650_daily_FLUX_100_300000_last100days.png
 create mode 100644 1ES1959+650/1ES1959+650_daily_FLUX_100_300000_last100days.txt
 create mode 100644 1ES1959+650/1ES1959+650_weekly_FLUX_1000_300000_last100days.png
 create mode 100644 1ES1959+650/1ES1959+650_weekly_FLUX_1000_300000_last100days.txt
 create mode 100644 1ES1959+650/1ES1959+650_weekly_FLUX_100_300000_last100days.png
 create mode 100644 1ES1959+650/1ES1959+650_weekly_FLUX_100_300000_last100days.txt
 create mode 100644 1ES1959+650/Swift_1ES1959+650.txt
 create mode 100644 1ES1959+650/index.html
 create mode 100644 1ES2344+514/1ES2344+514_604800.lc
 create mode 100644 1ES2344+514/1ES2344+514_86400.lc
 create mode 100644 1ES2344+514/1ES2344+514_daily_FLUX_1000_300000_last100days.png
 create mode 100644 1ES2344+514/1ES2344+514_daily_FLUX_1000_300000_last100days.txt
 create mode 100644 1ES2344+514/1ES2344+514_daily_FLUX_100_300000_last100days.png
 create mode 100644 1ES2344+514/1ES2344+514_daily_FLUX_100_300000_last100days.txt
 create mode 100644 1ES2344+514/1ES2344+514_weekly_FLUX_1000_300000_last100days.png
 create mode 100644 1ES2344+514/1ES2344+514_weekly_FLUX_1000_300000_last100days.txt
 create mode 100644 1ES2344+514/1ES2344+514_weekly_FLUX_100_300000_last100days.png
 create mode 100644 1ES2344+514/1ES2344+514_weekly_FLUX_100_300000_last100days.txt
 create mode 100644 1ES2344+514/Swift_1ES2344+514.txt
 create mode 100644 1ES2344+514/index.html
 create mode 100644 1H0323+342/1H0323+342_604800.lc
 create mode 100644 1H0323+342/1H0323+342_86400.lc
 create mode 100644 1H0323+342/1H0323+342_daily_FLUX_1000_300000_last100days.png
 create mode 100644 1H0323+342/1H0323+342_daily_FLUX_1000_300000_last100days.txt
 create mode 100644 1H0323+342/1H0323+342_daily_FLUX_100_300000_last100days.png
 create mode 100644 1H0323+342/1H0323+342_daily_FLUX_100_300000_last100days.txt
 create mode 100644 1H0323+342/1H0323+342_weekly_FLUX_1000_300000_last100days.png
 create mode 100644 1H0323+342/1H0323+342_weekly_FLUX_1000_300000_last100days.txt
 create mode 100644 1H0323+342/1H0323+342_weekly_FLUX_100_300000_last100days.png
 create mode 100644 1H0323+342/1H0323+342_weekly_FLUX_100_300000_last100days.txt
 create mode 100644 1H0323+342/index.html
 create mode 100644 3C120/3C120_604800.lc
 create mode 100644 3C120/3C120_86400.lc
 create mode 100644 3C120/3C120_daily_FLUX_1000_300000_last100days.png
 create mode 100644 3C120/3C120_daily_FLUX_1000_300000_last100days.txt
 create mode 100644 3C120/3C120_daily_FLUX_100_300000_last100days.png
 create mode 100644 3C120/3C120_daily_FLUX_100_300000_last100days.txt
 create mode 100644 3C120/3C120_weekly_FLUX_1000_300000_last100days.png
 create mode 100644 3C120/3C120_weekly_FLUX_1000_300000_last100days.txt
 create mode 100644 3C120/3C120_weekly_FLUX_100_300000_last100days.png
 create mode 100644 3C120/3C120_weekly_FLUX_100_300000_last100days.txt
 create mode 100644 3C120/Swift_3C120.txt
 create mode 100644 3C120/index.html
 create mode 100644 3C138/3C138_604800.lc
 create mode 100644 3C138/3C138_86400.lc
 create mode 100644 3C138/3C138_daily_FLUX_1000_300000_last100days.png
 create mode 100644 3C138/3C138_daily_FLUX_1000_300000_last100days.txt
 create mode 100644 3C138/3C138_daily_FLUX_100_300000_last100days.png
 create mode 100644 3C138/3C138_daily_FLUX_100_300000_last100days.txt
 create mode 100644 3C138/3C138_weekly_FLUX_1000_300000_last100days.png
 create mode 100644 3C138/3C138_weekly_FLUX_1000_300000_last100days.txt
 create mode 100644 3C138/3C138_weekly_FLUX_100_300000_last100days.png
 create mode 100644 3C138/3C138_weekly_FLUX_100_300000_last100days.txt
 create mode 100644 3C138/index.html
 create mode 100644 3C216/3C216_604800.lc
 create mode 100644 3C216/3C216_86400.lc
 create mode 100644 3C216/3C216_daily_FLUX_1000_300000_last100days.png
 create mode 100644 3C216/3C216_daily_FLUX_1000_300000_last100days.txt
 create mode 100644 3C216/3C216_daily_FLUX_100_300000_last100days.png
 create mode 100644 3C216/3C216_daily_FLUX_100_300000_last100days.txt
 create mode 100644 3C216/3C216_weekly_FLUX_1000_300000_last100days.png
 create mode 100644 3C216/3C216_weekly_FLUX_1000_300000_last100days.txt
 create mode 100644 3C216/3C216_weekly_FLUX_100_300000_last100days.png
 create mode 100644 3C216/3C216_weekly_FLUX_100_300000_last100days.txt
 create mode 100644 3C216/index.html
 create mode 100644 3C395/3C395_604800.lc
 create mode 100644 3C395/3C395_86400.lc
 create mode 100644 3C395/3C395_daily_FLUX_1000_300000_last100days.png
 create mode 100644 3C395/3C395_daily_FLUX_1000_300000_last100days.txt
 create mode 100644 3C395/3C395_daily_FLUX_100_300000_last100days.png
 create mode 100644 3C395/3C395_daily_FLUX_100_300000_last100days.txt
 create mode 100644 3C395/3C395_weekly_FLUX_1000_300000_last100days.png
 create mode 100644 3C395/3C395_weekly_FLUX_1000_300000_last100days.txt
 create mode 100644 3C395/3C395_weekly_FLUX_100_300000_last100days.png
 create mode 100644 3C395/3C395_weekly_FLUX_100_300000_last100days.txt
 create mode 100644 3C395/index.html
 create mode 100644 3C446/3C446_604800.lc
 create mode 100644 3C446/3C446_86400.lc
 create mode 100644 3C446/3C446_daily_FLUX_1000_300000_last100days.png
 create mode 100644 3C446/3C446_daily_FLUX_1000_300000_last100days.txt
 create mode 100644 3C446/3C446_daily_FLUX_100_300000_last100days.png
 create mode 100644 3C446/3C446_daily_FLUX_100_300000_last100days.txt
 create mode 100644 3C446/3C446_weekly_FLUX_1000_300000_last100days.png
 create mode 100644 3C446/3C446_weekly_FLUX_1000_300000_last100days.txt
 create mode 100644 3C446/3C446_weekly_FLUX_100_300000_last100days.png
 create mode 100644 3C446/3C446_weekly_FLUX_100_300000_last100days.txt
 create mode 100644 3C446/Swift_3C446.txt
 create mode 100644 3C446/index.html
 create mode 100644 3C454.3/3C454.3_604800.lc
 create mode 100644 3C454.3/3C454.3_86400.lc
 create mode 100644 3C454.3/3C454.3_daily_FLUX_1000_300000_last100days.png
 create mode 100644 3C454.3/3C454.3_daily_FLUX_1000_300000_last100days.txt
 create mode 100644 3C454.3/3C454.3_daily_FLUX_100_300000_last100days.png
 create mode 100644 3C454.3/3C454.3_daily_FLUX_100_300000_last100days.txt
 create mode 100644 3C454.3/3C454.3_weekly_FLUX_1000_300000_last100days.png
 create mode 100644 3C454.3/3C454.3_weekly_FLUX_1000_300000_last100days.txt
 create mode 100644 3C454.3/3C454.3_weekly_FLUX_100_300000_last100days.png
 create mode 100644 3C454.3/3C454.3_weekly_FLUX_100_300000_last100days.txt
 create mode 100644 3C454.3/Swift_3C454.3.txt
 create mode 100644 3C454.3/index.html
 create mode 100644 3C66A/3C66A_604800.lc
 create mode 100644 3C66A/3C66A_86400.lc
 create mode 100644 3C66A/3C66A_daily_FLUX_1000_300000_last100days.png
 create mode 100644 3C66A/3C66A_daily_FLUX_1000_300000_last100days.txt
 create mode 100644 3C66A/3C66A_daily_FLUX_100_300000_last100days.png
 create mode 100644 3C66A/3C66A_daily_FLUX_100_300000_last100days.txt
 create mode 100644 3C66A/3C66A_weekly_FLUX_1000_300000_last100days.png
 create mode 100644 3C66A/3C66A_weekly_FLUX_1000_300000_last100days.txt
 create mode 100644 3C66A/3C66A_weekly_FLUX_100_300000_last100days.png
 create mode 100644 3C66A/3C66A_weekly_FLUX_100_300000_last100days.txt
 create mode 100644 3C66A/Swift_3C66A.txt
 create mode 100644 3C66A/index.html
 create mode 100644 4C+10.45/4C+10.45_604800.lc
 create mode 100644 4C+10.45/4C+10.45_86400.lc
 create mode 100644 4C+10.45/4C+10.45_daily_FLUX_1000_300000_last100days.png
 create mode 100644 4C+10.45/4C+10.45_daily_FLUX_1000_300000_last100days.txt
 create mode 100644 4C+10.45/4C+10.45_daily_FLUX_100_300000_last100days.png
 create mode 100644 4C+10.45/4C+10.45_daily_FLUX_100_300000_last100days.txt
 create mode 100644 4C+10.45/4C+10.45_weekly_FLUX_1000_300000_last100days.png
 create mode 100644 4C+10.45/4C+10.45_weekly_FLUX_1000_300000_last100days.txt
 create mode 100644 4C+10.45/4C+10.45_weekly_FLUX_100_300000_last100days.png
 create mode 100644 4C+10.45/4C+10.45_weekly_FLUX_100_300000_last100days.txt
 create mode 100644 4C+10.45/index.html
 create mode 100644 4C+27.50/4C+27.50_604800.lc
 create mode 100644 4C+27.50/4C+27.50_86400.lc
 create mode 100644 4C+27.50/4C+27.50_daily_FLUX_1000_300000_last100days.png
 create mode 100644 4C+27.50/4C+27.50_daily_FLUX_1000_300000_last100days.txt
 create mode 100644 4C+27.50/4C+27.50_daily_FLUX_100_300000_last100days.png
 create mode 100644 4C+27.50/4C+27.50_daily_FLUX_100_300000_last100days.txt
 create mode 100644 4C+27.50/4C+27.50_weekly_FLUX_1000_300000_last100days.png
 create mode 100644 4C+27.50/4C+27.50_weekly_FLUX_1000_300000_last100days.txt
 create mode 100644 4C+27.50/4C+27.50_weekly_FLUX_100_300000_last100days.png
 create mode 100644 4C+27.50/4C+27.50_weekly_FLUX_100_300000_last100days.txt
 create mode 100644 4C+27.50/index.html
 create mode 100644 4C+28.07/4C+28.07_604800.lc
 create mode 100644 4C+28.07/4C+28.07_86400.lc
 create mode 100644 4C+28.07/4C+28.07_daily_FLUX_1000_300000_last100days.png
 create mode 100644 4C+28.07/4C+28.07_daily_FLUX_1000_300000_last100days.txt
 create mode 100644 4C+28.07/4C+28.07_daily_FLUX_100_300000_last100days.png
 create mode 100644 4C+28.07/4C+28.07_daily_FLUX_100_300000_last100days.txt
 create mode 100644 4C+28.07/4C+28.07_weekly_FLUX_1000_300000_last100days.png
 create mode 100644 4C+28.07/4C+28.07_weekly_FLUX_1000_300000_last100days.txt
 create mode 100644 4C+28.07/4C+28.07_weekly_FLUX_100_300000_last100days.png
 create mode 100644 4C+28.07/4C+28.07_weekly_FLUX_100_300000_last100days.txt
 create mode 100644 4C+28.07/Swift_4C+28.07.txt
 create mode 100644 4C+28.07/index.html
 create mode 100644 4C14.23/4C14.23_604800.lc
 create mode 100644 4C14.23/4C14.23_86400.lc
 create mode 100644 4C14.23/4C14.23_daily_FLUX_1000_300000_last100days.png
 create mode 100644 4C14.23/4C14.23_daily_FLUX_1000_300000_last100days.txt
 create mode 100644 4C14.23/4C14.23_daily_FLUX_100_300000_last100days.png
 create mode 100644 4C14.23/4C14.23_daily_FLUX_100_300000_last100days.txt
 create mode 100644 4C14.23/4C14.23_weekly_FLUX_1000_300000_last100days.png
 create mode 100644 4C14.23/4C14.23_weekly_FLUX_1000_300000_last100days.txt
 create mode 100644 4C14.23/4C14.23_weekly_FLUX_100_300000_last100days.png
 create mode 100644 4C14.23/4C14.23_weekly_FLUX_100_300000_last100days.txt
 create mode 100644 4C14.23/index.html
 create mode 100644 4C31.03/4C31.03_604800.lc
 create mode 100644 4C31.03/4C31.03_86400.lc
 create mode 100644 4C31.03/4C31.03_daily_FLUX_1000_300000_last100days.png
 create mode 100644 4C31.03/4C31.03_daily_FLUX_1000_300000_last100days.txt
 create mode 100644 4C31.03/4C31.03_daily_FLUX_100_300000_last100days.png
 create mode 100644 4C31.03/4C31.03_daily_FLUX_100_300000_last100days.txt
 create mode 100644 4C31.03/4C31.03_weekly_FLUX_1000_300000_last100days.png
 create mode 100644 4C31.03/4C31.03_weekly_FLUX_1000_300000_last100days.txt
 create mode 100644 4C31.03/4C31.03_weekly_FLUX_100_300000_last100days.png
 create mode 100644 4C31.03/4C31.03_weekly_FLUX_100_300000_last100days.txt
 create mode 100644 4C31.03/Swift_4C31.03.txt
 create mode 100644 4C31.03/index.html
 create mode 100644 4FGLJ1706.8+1319/4FGLJ1706.8+1319_604800.lc
 create mode 100644 4FGLJ1706.8+1319/4FGLJ1706.8+1319_86400.lc
 create mode 100644 4FGLJ1706.8+1319/4FGLJ1706.8+1319_daily_FLUX_1000_300000_last100days.png
 create mode 100644 4FGLJ1706.8+1319/4FGLJ1706.8+1319_daily_FLUX_1000_300000_last100days.txt
 create mode 100644 4FGLJ1706.8+1319/4FGLJ1706.8+1319_daily_FLUX_100_300000_last100days.png
 create mode 100644 4FGLJ1706.8+1319/4FGLJ1706.8+1319_daily_FLUX_100_300000_last100days.txt
 create mode 100644 4FGLJ1706.8+1319/4FGLJ1706.8+1319_weekly_FLUX_1000_300000_last100days.png
 create mode 100644 4FGLJ1706.8+1319/4FGLJ1706.8+1319_weekly_FLUX_1000_300000_last100days.txt
 create mode 100644 4FGLJ1706.8+1319/4FGLJ1706.8+1319_weekly_FLUX_100_300000_last100days.png
 create mode 100644 4FGLJ1706.8+1319/4FGLJ1706.8+1319_weekly_FLUX_100_300000_last100days.txt
 create mode 100644 4FGLJ1706.8+1319/index.html
 create mode 100644 7C2238+5117/7C2238+5117_604800.lc
 create mode 100644 7C2238+5117/7C2238+5117_86400.lc
 create mode 100644 7C2238+5117/7C2238+5117_daily_FLUX_1000_300000_last100days.png
 create mode 100644 7C2238+5117/7C2238+5117_daily_FLUX_1000_300000_last100days.txt
 create mode 100644 7C2238+5117/7C2238+5117_daily_FLUX_100_300000_last100days.png
 create mode 100644 7C2238+5117/7C2238+5117_daily_FLUX_100_300000_last100days.txt
 create mode 100644 7C2238+5117/7C2238+5117_weekly_FLUX_1000_300000_last100days.png
 create mode 100644 7C2238+5117/7C2238+5117_weekly_FLUX_1000_300000_last100days.txt
 create mode 100644 7C2238+5117/7C2238+5117_weekly_FLUX_100_300000_last100days.png
 create mode 100644 7C2238+5117/7C2238+5117_weekly_FLUX_100_300000_last100days.txt
 create mode 100644 7C2238+5117/index.html
 create mode 100644 B20619+33/B20619+33_604800.lc
 create mode 100644 B20619+33/B20619+33_86400.lc
 create mode 100644 B20619+33/B20619+33_daily_FLUX_1000_300000_last100days.png
 create mode 100644 B20619+33/B20619+33_daily_FLUX_1000_300000_last100days.txt
 create mode 100644 B20619+33/B20619+33_daily_FLUX_100_300000_last100days.png
 create mode 100644 B20619+33/B20619+33_daily_FLUX_100_300000_last100days.txt
 create mode 100644 B20619+33/B20619+33_weekly_FLUX_1000_300000_last100days.png
 create mode 100644 B20619+33/B20619+33_weekly_FLUX_1000_300000_last100days.txt
 create mode 100644 B20619+33/B20619+33_weekly_FLUX_100_300000_last100days.png
 create mode 100644 B20619+33/B20619+33_weekly_FLUX_100_300000_last100days.txt
 create mode 100644 B20619+33/Swift_B20619+33.txt
 create mode 100644 B20619+33/index.html
 create mode 100644 B21504+37/B21504+37_604800.lc
 create mode 100644 B21504+37/B21504+37_86400.lc
 create mode 100644 B21504+37/B21504+37_daily_FLUX_1000_300000_last100days.png
 create mode 100644 B21504+37/B21504+37_daily_FLUX_1000_300000_last100days.txt
 create mode 100644 B21504+37/B21504+37_daily_FLUX_100_300000_last100days.png
 create mode 100644 B21504+37/B21504+37_daily_FLUX_100_300000_last100days.txt
 create mode 100644 B21504+37/B21504+37_weekly_FLUX_1000_300000_last100days.png
 create mode 100644 B21504+37/B21504+37_weekly_FLUX_1000_300000_last100days.txt
 create mode 100644 B21504+37/B21504+37_weekly_FLUX_100_300000_last100days.png
 create mode 100644 B21504+37/B21504+37_weekly_FLUX_100_300000_last100days.txt
 create mode 100644 B21504+37/index.html
 create mode 100644 B21520+31/B21520+31_604800.lc
 create mode 100644 B21520+31/B21520+31_86400.lc
 create mode 100644 B21520+31/B21520+31_daily_FLUX_1000_300000_last100days.png
 create mode 100644 B21520+31/B21520+31_daily_FLUX_1000_300000_last100days.txt
 create mode 100644 B21520+31/B21520+31_daily_FLUX_100_300000_last100days.png
 create mode 100644 B21520+31/B21520+31_daily_FLUX_100_300000_last100days.txt
 create mode 100644 B21520+31/B21520+31_weekly_FLUX_1000_300000_last100days.png
 create mode 100644 B21520+31/B21520+31_weekly_FLUX_1000_300000_last100days.txt
 create mode 100644 B21520+31/B21520+31_weekly_FLUX_100_300000_last100days.png
 create mode 100644 B21520+31/B21520+31_weekly_FLUX_100_300000_last100days.txt
 create mode 100644 B21520+31/Swift_B21520+31.txt
 create mode 100644 B21520+31/index.html
 create mode 100644 B21846+32B/B21846+32B_604800.lc
 create mode 100644 B21846+32B/B21846+32B_86400.lc
 create mode 100644 B21846+32B/B21846+32B_daily_FLUX_1000_300000_last100days.png
 create mode 100644 B21846+32B/B21846+32B_daily_FLUX_1000_300000_last100days.txt
 create mode 100644 B21846+32B/B21846+32B_daily_FLUX_100_300000_last100days.png
 create mode 100644 B21846+32B/B21846+32B_daily_FLUX_100_300000_last100days.txt
 create mode 100644 B21846+32B/B21846+32B_weekly_FLUX_1000_300000_last100days.png
 create mode 100644 B21846+32B/B21846+32B_weekly_FLUX_1000_300000_last100days.txt
 create mode 100644 B21846+32B/B21846+32B_weekly_FLUX_100_300000_last100days.png
 create mode 100644 B21846+32B/B21846+32B_weekly_FLUX_100_300000_last100days.txt
 create mode 100644 B21846+32B/Swift_B21846+32B.txt
 create mode 100644 B21846+32B/index.html
 create mode 100644 B30650+453/B30650+453_604800.lc
 create mode 100644 B30650+453/B30650+453_86400.lc
 create mode 100644 B30650+453/B30650+453_daily_FLUX_1000_300000_last100days.png
 create mode 100644 B30650+453/B30650+453_daily_FLUX_1000_300000_last100days.txt
 create mode 100644 B30650+453/B30650+453_daily_FLUX_100_300000_last100days.png
 create mode 100644 B30650+453/B30650+453_daily_FLUX_100_300000_last100days.txt
 create mode 100644 B30650+453/B30650+453_weekly_FLUX_1000_300000_last100days.png
 create mode 100644 B30650+453/B30650+453_weekly_FLUX_1000_300000_last100days.txt
 create mode 100644 B30650+453/B30650+453_weekly_FLUX_100_300000_last100days.png
 create mode 100644 B30650+453/B30650+453_weekly_FLUX_100_300000_last100days.txt
 create mode 100644 B30650+453/Swift_B30650+453.txt
 create mode 100644 B30650+453/index.html
 create mode 100644 B31708+433/B31708+433_604800.lc
 create mode 100644 B31708+433/B31708+433_86400.lc
 create mode 100644 B31708+433/B31708+433_daily_FLUX_1000_300000_last100days.png
 create mode 100644 B31708+433/B31708+433_daily_FLUX_1000_300000_last100days.txt
 create mode 100644 B31708+433/B31708+433_daily_FLUX_100_300000_last100days.png
 create mode 100644 B31708+433/B31708+433_daily_FLUX_100_300000_last100days.txt
 create mode 100644 B31708+433/B31708+433_weekly_FLUX_1000_300000_last100days.png
 create mode 100644 B31708+433/B31708+433_weekly_FLUX_1000_300000_last100days.txt
 create mode 100644 B31708+433/B31708+433_weekly_FLUX_100_300000_last100days.png
 create mode 100644 B31708+433/B31708+433_weekly_FLUX_100_300000_last100days.txt
 create mode 100644 B31708+433/Swift_B31708+433.txt
 create mode 100644 B31708+433/index.html
 create mode 100644 BLLac/BLLac_604800.lc
 create mode 100644 BLLac/BLLac_86400.lc
 create mode 100644 BLLac/BLLac_daily_FLUX_1000_300000_last100days.png
 create mode 100644 BLLac/BLLac_daily_FLUX_1000_300000_last100days.txt
 create mode 100644 BLLac/BLLac_daily_FLUX_100_300000_last100days.png
 create mode 100644 BLLac/BLLac_daily_FLUX_100_300000_last100days.txt
 create mode 100644 BLLac/BLLac_weekly_FLUX_1000_300000_last100days.png
 create mode 100644 BLLac/BLLac_weekly_FLUX_1000_300000_last100days.txt
 create mode 100644 BLLac/BLLac_weekly_FLUX_100_300000_last100days.png
 create mode 100644 BLLac/BLLac_weekly_FLUX_100_300000_last100days.txt
 create mode 100644 BLLac/Swift_BLLac.txt
 create mode 100644 BLLac/index.html
 create mode 100644 BZUJ0742+5444/BZUJ0742+5444_604800.lc
 create mode 100644 BZUJ0742+5444/BZUJ0742+5444_86400.lc
 create mode 100644 BZUJ0742+5444/BZUJ0742+5444_daily_FLUX_1000_300000_last100days.png
 create mode 100644 BZUJ0742+5444/BZUJ0742+5444_daily_FLUX_1000_300000_last100days.txt
 create mode 100644 BZUJ0742+5444/BZUJ0742+5444_daily_FLUX_100_300000_last100days.png
 create mode 100644 BZUJ0742+5444/BZUJ0742+5444_daily_FLUX_100_300000_last100days.txt
 create mode 100644 BZUJ0742+5444/BZUJ0742+5444_weekly_FLUX_1000_300000_last100days.png
 create mode 100644 BZUJ0742+5444/BZUJ0742+5444_weekly_FLUX_1000_300000_last100days.txt
 create mode 100644 BZUJ0742+5444/BZUJ0742+5444_weekly_FLUX_100_300000_last100days.png
 create mode 100644 BZUJ0742+5444/BZUJ0742+5444_weekly_FLUX_100_300000_last100days.txt
 create mode 100644 BZUJ0742+5444/index.html
 create mode 100644 CGRaBSJ0211+1051/CGRaBSJ0211+1051_604800.lc
 create mode 100644 CGRaBSJ0211+1051/CGRaBSJ0211+1051_86400.lc
 create mode 100644 CGRaBSJ0211+1051/CGRaBSJ0211+1051_daily_FLUX_1000_300000_last100days.png
 create mode 100644 CGRaBSJ0211+1051/CGRaBSJ0211+1051_daily_FLUX_1000_300000_last100days.txt
 create mode 100644 CGRaBSJ0211+1051/CGRaBSJ0211+1051_daily_FLUX_100_300000_last100days.png
 create mode 100644 CGRaBSJ0211+1051/CGRaBSJ0211+1051_daily_FLUX_100_300000_last100days.txt
 create mode 100644 CGRaBSJ0211+1051/CGRaBSJ0211+1051_weekly_FLUX_1000_300000_last100days.png
 create mode 100644 CGRaBSJ0211+1051/CGRaBSJ0211+1051_weekly_FLUX_1000_300000_last100days.txt
 create mode 100644 CGRaBSJ0211+1051/CGRaBSJ0211+1051_weekly_FLUX_100_300000_last100days.png
 create mode 100644 CGRaBSJ0211+1051/CGRaBSJ0211+1051_weekly_FLUX_100_300000_last100days.txt
 create mode 100644 CGRaBSJ0211+1051/Swift_CGRaBSJ0211+1051.txt
 create mode 100644 CGRaBSJ0211+1051/index.html
 create mode 100644 CGRaBSJ1848+3219/CGRaBSJ1848+3219_604800.lc
 create mode 100644 CGRaBSJ1848+3219/CGRaBSJ1848+3219_86400.lc
 create mode 100644 CGRaBSJ1848+3219/CGRaBSJ1848+3219_daily_FLUX_1000_300000_last100days.png
 create mode 100644 CGRaBSJ1848+3219/CGRaBSJ1848+3219_daily_FLUX_1000_300000_last100days.txt
 create mode 100644 CGRaBSJ1848+3219/CGRaBSJ1848+3219_daily_FLUX_100_300000_last100days.png
 create mode 100644 CGRaBSJ1848+3219/CGRaBSJ1848+3219_daily_FLUX_100_300000_last100days.txt
 create mode 100644 CGRaBSJ1848+3219/CGRaBSJ1848+3219_weekly_FLUX_1000_300000_last100days.png
 create mode 100644 CGRaBSJ1848+3219/CGRaBSJ1848+3219_weekly_FLUX_1000_300000_last100days.txt
 create mode 100644 CGRaBSJ1848+3219/CGRaBSJ1848+3219_weekly_FLUX_100_300000_last100days.png
 create mode 100644 CGRaBSJ1848+3219/CGRaBSJ1848+3219_weekly_FLUX_100_300000_last100days.txt
 create mode 100644 CGRaBSJ1848+3219/Swift_CGRaBSJ1848+3219.txt
 create mode 100644 CGRaBSJ1848+3219/index.html
 create mode 100644 CGRaBSJ1849+6705/CGRaBSJ1849+6705_604800.lc
 create mode 100644 CGRaBSJ1849+6705/CGRaBSJ1849+6705_86400.lc
 create mode 100644 CGRaBSJ1849+6705/CGRaBSJ1849+6705_daily_FLUX_1000_300000_last100days.png
 create mode 100644 CGRaBSJ1849+6705/CGRaBSJ1849+6705_daily_FLUX_1000_300000_last100days.txt
 create mode 100644 CGRaBSJ1849+6705/CGRaBSJ1849+6705_daily_FLUX_100_300000_last100days.png
 create mode 100644 CGRaBSJ1849+6705/CGRaBSJ1849+6705_daily_FLUX_100_300000_last100days.txt
 create mode 100644 CGRaBSJ1849+6705/CGRaBSJ1849+6705_weekly_FLUX_1000_300000_last100days.png
 create mode 100644 CGRaBSJ1849+6705/CGRaBSJ1849+6705_weekly_FLUX_1000_300000_last100days.txt
 create mode 100644 CGRaBSJ1849+6705/CGRaBSJ1849+6705_weekly_FLUX_100_300000_last100days.png
 create mode 100644 CGRaBSJ1849+6705/CGRaBSJ1849+6705_weekly_FLUX_100_300000_last100days.txt
 create mode 100644 CGRaBSJ1849+6705/Swift_CGRaBSJ1849+6705.txt
 create mode 100644 CGRaBSJ1849+6705/index.html
 create mode 100644 CTA102/CTA102_604800.lc
 create mode 100644 CTA102/CTA102_86400.lc
 create mode 100644 CTA102/CTA102_daily_FLUX_1000_300000_last100days.png
 create mode 100644 CTA102/CTA102_daily_FLUX_1000_300000_last100days.txt
 create mode 100644 CTA102/CTA102_daily_FLUX_100_300000_last100days.png
 create mode 100644 CTA102/CTA102_daily_FLUX_100_300000_last100days.txt
 create mode 100644 CTA102/CTA102_weekly_FLUX_1000_300000_last100days.png
 create mode 100644 CTA102/CTA102_weekly_FLUX_1000_300000_last100days.txt
 create mode 100644 CTA102/CTA102_weekly_FLUX_100_300000_last100days.png
 create mode 100644 CTA102/CTA102_weekly_FLUX_100_300000_last100days.txt
 create mode 100644 CTA102/Swift_CTA102.txt
 create mode 100644 CTA102/index.html
 create mode 100644 CrabPulsar/CrabPulsar_604800.lc
 create mode 100644 CrabPulsar/CrabPulsar_86400.lc
 create mode 100644 CrabPulsar/CrabPulsar_daily_FLUX_1000_300000_last100days.png
 create mode 100644 CrabPulsar/CrabPulsar_daily_FLUX_1000_300000_last100days.txt
 create mode 100644 CrabPulsar/CrabPulsar_daily_FLUX_100_300000_last100days.png
 create mode 100644 CrabPulsar/CrabPulsar_daily_FLUX_100_300000_last100days.txt
 create mode 100644 CrabPulsar/CrabPulsar_weekly_FLUX_1000_300000_last100days.png
 create mode 100644 CrabPulsar/CrabPulsar_weekly_FLUX_1000_300000_last100days.txt
 create mode 100644 CrabPulsar/CrabPulsar_weekly_FLUX_100_300000_last100days.png
 create mode 100644 CrabPulsar/CrabPulsar_weekly_FLUX_100_300000_last100days.txt
 create mode 100644 CrabPulsar/index.html
 create mode 100644 CygnusX-3/CygnusX-3_604800.lc
 create mode 100644 CygnusX-3/CygnusX-3_86400.lc
 create mode 100644 CygnusX-3/CygnusX-3_daily_FLUX_1000_300000_last100days.png
 create mode 100644 CygnusX-3/CygnusX-3_daily_FLUX_1000_300000_last100days.txt
 create mode 100644 CygnusX-3/CygnusX-3_daily_FLUX_100_300000_last100days.png
 create mode 100644 CygnusX-3/CygnusX-3_daily_FLUX_100_300000_last100days.txt
 create mode 100644 CygnusX-3/CygnusX-3_weekly_FLUX_1000_300000_last100days.png
 create mode 100644 CygnusX-3/CygnusX-3_weekly_FLUX_1000_300000_last100days.txt
 create mode 100644 CygnusX-3/CygnusX-3_weekly_FLUX_100_300000_last100days.png
 create mode 100644 CygnusX-3/CygnusX-3_weekly_FLUX_100_300000_last100days.txt
 create mode 100644 CygnusX-3/index.html
 create mode 100644 FermiJ0008+6829/FermiJ0008+6829_604800.lc
 create mode 100644 FermiJ0008+6829/FermiJ0008+6829_86400.lc
 create mode 100644 FermiJ0008+6829/FermiJ0008+6829_daily_FLUX_1000_300000_last100days.png
 create mode 100644 FermiJ0008+6829/FermiJ0008+6829_daily_FLUX_1000_300000_last100days.txt
 create mode 100644 FermiJ0008+6829/FermiJ0008+6829_daily_FLUX_100_300000_last100days.png
 create mode 100644 FermiJ0008+6829/FermiJ0008+6829_daily_FLUX_100_300000_last100days.txt
 create mode 100644 FermiJ0008+6829/FermiJ0008+6829_weekly_FLUX_1000_300000_last100days.png
 create mode 100644 FermiJ0008+6829/FermiJ0008+6829_weekly_FLUX_1000_300000_last100days.txt
 create mode 100644 FermiJ0008+6829/FermiJ0008+6829_weekly_FLUX_100_300000_last100days.png
 create mode 100644 FermiJ0008+6829/FermiJ0008+6829_weekly_FLUX_100_300000_last100days.txt
 create mode 100644 FermiJ0008+6829/index.html
 create mode 100644 FermiJ0052+1110/FermiJ0052+1110_604800.lc
 create mode 100644 FermiJ0052+1110/FermiJ0052+1110_86400.lc
 create mode 100644 FermiJ0052+1110/FermiJ0052+1110_daily_FLUX_1000_300000_last100days.png
 create mode 100644 FermiJ0052+1110/FermiJ0052+1110_daily_FLUX_1000_300000_last100days.txt
 create mode 100644 FermiJ0052+1110/FermiJ0052+1110_daily_FLUX_100_300000_last100days.png
 create mode 100644 FermiJ0052+1110/FermiJ0052+1110_daily_FLUX_100_300000_last100days.txt
 create mode 100644 FermiJ0052+1110/FermiJ0052+1110_weekly_FLUX_1000_300000_last100days.png
 create mode 100644 FermiJ0052+1110/FermiJ0052+1110_weekly_FLUX_1000_300000_last100days.txt
 create mode 100644 FermiJ0052+1110/FermiJ0052+1110_weekly_FLUX_100_300000_last100days.png
 create mode 100644 FermiJ0052+1110/FermiJ0052+1110_weekly_FLUX_100_300000_last100days.txt
 create mode 100644 FermiJ0052+1110/index.html
 create mode 100644 FermiJ0431+5458/FermiJ0431+5458_604800.lc
 create mode 100644 FermiJ0431+5458/FermiJ0431+5458_86400.lc
 create mode 100644 FermiJ0431+5458/FermiJ0431+5458_daily_FLUX_1000_300000_last100days.png
 create mode 100644 FermiJ0431+5458/FermiJ0431+5458_daily_FLUX_1000_300000_last100days.txt
 create mode 100644 FermiJ0431+5458/FermiJ0431+5458_daily_FLUX_100_300000_last100days.png
 create mode 100644 FermiJ0431+5458/FermiJ0431+5458_daily_FLUX_100_300000_last100days.txt
 create mode 100644 FermiJ0431+5458/FermiJ0431+5458_weekly_FLUX_1000_300000_last100days.png
 create mode 100644 FermiJ0431+5458/FermiJ0431+5458_weekly_FLUX_1000_300000_last100days.txt
 create mode 100644 FermiJ0431+5458/FermiJ0431+5458_weekly_FLUX_100_300000_last100days.png
 create mode 100644 FermiJ0431+5458/FermiJ0431+5458_weekly_FLUX_100_300000_last100days.txt
 create mode 100644 FermiJ0431+5458/index.html
 create mode 100644 FermiJ0614+1713/FermiJ0614+1713_604800.lc
 create mode 100644 FermiJ0614+1713/FermiJ0614+1713_86400.lc
 create mode 100644 FermiJ0614+1713/FermiJ0614+1713_daily_FLUX_1000_300000_last100days.png
 create mode 100644 FermiJ0614+1713/FermiJ0614+1713_daily_FLUX_1000_300000_last100days.txt
 create mode 100644 FermiJ0614+1713/FermiJ0614+1713_daily_FLUX_100_300000_last100days.png
 create mode 100644 FermiJ0614+1713/FermiJ0614+1713_daily_FLUX_100_300000_last100days.txt
 create mode 100644 FermiJ0614+1713/FermiJ0614+1713_weekly_FLUX_1000_300000_last100days.png
 create mode 100644 FermiJ0614+1713/FermiJ0614+1713_weekly_FLUX_1000_300000_last100days.txt
 create mode 100644 FermiJ0614+1713/FermiJ0614+1713_weekly_FLUX_100_300000_last100days.png
 create mode 100644 FermiJ0614+1713/FermiJ0614+1713_weekly_FLUX_100_300000_last100days.txt
 create mode 100644 FermiJ0614+1713/index.html
 create mode 100644 GB6J0713+5738/GB6J0713+5738_604800.lc
 create mode 100644 GB6J0713+5738/GB6J0713+5738_86400.lc
 create mode 100644 GB6J0713+5738/GB6J0713+5738_daily_FLUX_1000_300000_last100days.png
 create mode 100644 GB6J0713+5738/GB6J0713+5738_daily_FLUX_1000_300000_last100days.txt
 create mode 100644 GB6J0713+5738/GB6J0713+5738_daily_FLUX_100_300000_last100days.png
 create mode 100644 GB6J0713+5738/GB6J0713+5738_daily_FLUX_100_300000_last100days.txt
 create mode 100644 GB6J0713+5738/GB6J0713+5738_weekly_FLUX_1000_300000_last100days.png
 create mode 100644 GB6J0713+5738/GB6J0713+5738_weekly_FLUX_1000_300000_last100days.txt
 create mode 100644 GB6J0713+5738/GB6J0713+5738_weekly_FLUX_100_300000_last100days.png
 create mode 100644 GB6J0713+5738/GB6J0713+5738_weekly_FLUX_100_300000_last100days.txt
 create mode 100644 GB6J0713+5738/Swift_GB6J0713+5738.txt
 create mode 100644 GB6J0713+5738/index.html
 create mode 100644 GB6J1700+6830/GB6J1700+6830_604800.lc
 create mode 100644 GB6J1700+6830/GB6J1700+6830_86400.lc
 create mode 100644 GB6J1700+6830/GB6J1700+6830_daily_FLUX_1000_300000_last100days.png
 create mode 100644 GB6J1700+6830/GB6J1700+6830_daily_FLUX_1000_300000_last100days.txt
 create mode 100644 GB6J1700+6830/GB6J1700+6830_daily_FLUX_100_300000_last100days.png
 create mode 100644 GB6J1700+6830/GB6J1700+6830_daily_FLUX_100_300000_last100days.txt
 create mode 100644 GB6J1700+6830/GB6J1700+6830_weekly_FLUX_1000_300000_last100days.png
 create mode 100644 GB6J1700+6830/GB6J1700+6830_weekly_FLUX_1000_300000_last100days.txt
 create mode 100644 GB6J1700+6830/GB6J1700+6830_weekly_FLUX_100_300000_last100days.png
 create mode 100644 GB6J1700+6830/GB6J1700+6830_weekly_FLUX_100_300000_last100days.txt
 create mode 100644 GB6J1700+6830/Swift_GB6J1700+6830.txt
 create mode 100644 GB6J1700+6830/index.html
 create mode 100644 LATLC_last_update.txt
 create mode 100644 LATLC_objects.txt
 create mode 100644 LSI+61303/LSI+61303_604800.lc
 create mode 100644 LSI+61303/LSI+61303_86400.lc
 create mode 100644 LSI+61303/LSI+61303_daily_FLUX_1000_300000_last100days.png
 create mode 100644 LSI+61303/LSI+61303_daily_FLUX_1000_300000_last100days.txt
 create mode 100644 LSI+61303/LSI+61303_daily_FLUX_100_300000_last100days.png
 create mode 100644 LSI+61303/LSI+61303_daily_FLUX_100_300000_last100days.txt
 create mode 100644 LSI+61303/LSI+61303_weekly_FLUX_1000_300000_last100days.png
 create mode 100644 LSI+61303/LSI+61303_weekly_FLUX_1000_300000_last100days.txt
 create mode 100644 LSI+61303/LSI+61303_weekly_FLUX_100_300000_last100days.png
 create mode 100644 LSI+61303/LSI+61303_weekly_FLUX_100_300000_last100days.txt
 create mode 100644 LSI+61303/Swift_LSI+61303.txt
 create mode 100644 LSI+61303/index.html
 create mode 100644 MG2J071354+1934/MG2J071354+1934_604800.lc
 create mode 100644 MG2J071354+1934/MG2J071354+1934_86400.lc
 create mode 100644 MG2J071354+1934/MG2J071354+1934_daily_FLUX_1000_300000_last100days.png
 create mode 100644 MG2J071354+1934/MG2J071354+1934_daily_FLUX_1000_300000_last100days.txt
 create mode 100644 MG2J071354+1934/MG2J071354+1934_daily_FLUX_100_300000_last100days.png
 create mode 100644 MG2J071354+1934/MG2J071354+1934_daily_FLUX_100_300000_last100days.txt
 create mode 100644 MG2J071354+1934/MG2J071354+1934_weekly_FLUX_1000_300000_last100days.png
 create mode 100644 MG2J071354+1934/MG2J071354+1934_weekly_FLUX_1000_300000_last100days.txt
 create mode 100644 MG2J071354+1934/MG2J071354+1934_weekly_FLUX_100_300000_last100days.png
 create mode 100644 MG2J071354+1934/MG2J071354+1934_weekly_FLUX_100_300000_last100days.txt
 create mode 100644 MG2J071354+1934/index.html
 create mode 100644 Mrk501/Mrk501_604800.lc
 create mode 100644 Mrk501/Mrk501_86400.lc
 create mode 100644 Mrk501/Mrk501_daily_FLUX_1000_300000_last100days.png
 create mode 100644 Mrk501/Mrk501_daily_FLUX_1000_300000_last100days.txt
 create mode 100644 Mrk501/Mrk501_daily_FLUX_100_300000_last100days.png
 create mode 100644 Mrk501/Mrk501_daily_FLUX_100_300000_last100days.txt
 create mode 100644 Mrk501/Mrk501_weekly_FLUX_1000_300000_last100days.png
 create mode 100644 Mrk501/Mrk501_weekly_FLUX_1000_300000_last100days.txt
 create mode 100644 Mrk501/Mrk501_weekly_FLUX_100_300000_last100days.png
 create mode 100644 Mrk501/Mrk501_weekly_FLUX_100_300000_last100days.txt
 create mode 100644 Mrk501/Swift_Mrk501.txt
 create mode 100644 Mrk501/index.html
 create mode 100644 NGC1275/NGC1275_604800.lc
 create mode 100644 NGC1275/NGC1275_86400.lc
 create mode 100644 NGC1275/NGC1275_daily_FLUX_1000_300000_last100days.png
 create mode 100644 NGC1275/NGC1275_daily_FLUX_1000_300000_last100days.txt
 create mode 100644 NGC1275/NGC1275_daily_FLUX_100_300000_last100days.png
 create mode 100644 NGC1275/NGC1275_daily_FLUX_100_300000_last100days.txt
 create mode 100644 NGC1275/NGC1275_weekly_FLUX_1000_300000_last100days.png
 create mode 100644 NGC1275/NGC1275_weekly_FLUX_1000_300000_last100days.txt
 create mode 100644 NGC1275/NGC1275_weekly_FLUX_100_300000_last100days.png
 create mode 100644 NGC1275/NGC1275_weekly_FLUX_100_300000_last100days.txt
 create mode 100644 NGC1275/Swift_NGC1275.txt
 create mode 100644 NGC1275/index.html
 create mode 100644 NRAO190/PKS0458-02_604800.lc
 create mode 100644 NRAO190/PKS0458-02_86400.lc
 create mode 100644 NRAO190/PKS0458-02_daily_FLUX_1000_300000_last100days.png
 create mode 100644 NRAO190/PKS0458-02_daily_FLUX_1000_300000_last100days.txt
 create mode 100644 NRAO190/PKS0458-02_daily_FLUX_100_300000_last100days.png
 create mode 100644 NRAO190/PKS0458-02_daily_FLUX_100_300000_last100days.txt
 create mode 100644 NRAO190/PKS0458-02_weekly_FLUX_1000_300000_last100days.png
 create mode 100644 NRAO190/PKS0458-02_weekly_FLUX_1000_300000_last100days.txt
 create mode 100644 NRAO190/PKS0458-02_weekly_FLUX_100_300000_last100days.png
 create mode 100644 NRAO190/PKS0458-02_weekly_FLUX_100_300000_last100days.txt
 create mode 100644 NRAO190/Swift_PKS0458-02.txt
 create mode 100644 NRAO190/index.html
 create mode 100644 OG050/OG050_604800.lc
 create mode 100644 OG050/OG050_86400.lc
 create mode 100644 OG050/OG050_daily_FLUX_1000_300000_last100days.png
 create mode 100644 OG050/OG050_daily_FLUX_1000_300000_last100days.txt
 create mode 100644 OG050/OG050_daily_FLUX_100_300000_last100days.png
 create mode 100644 OG050/OG050_daily_FLUX_100_300000_last100days.txt
 create mode 100644 OG050/OG050_weekly_FLUX_1000_300000_last100days.png
 create mode 100644 OG050/OG050_weekly_FLUX_1000_300000_last100days.txt
 create mode 100644 OG050/OG050_weekly_FLUX_100_300000_last100days.png
 create mode 100644 OG050/OG050_weekly_FLUX_100_300000_last100days.txt
 create mode 100644 OG050/index.html
 create mode 100644 OI280/OI280_604800.lc
 create mode 100644 OI280/OI280_86400.lc
 create mode 100644 OI280/OI280_daily_FLUX_1000_300000_last100days.png
 create mode 100644 OI280/OI280_daily_FLUX_1000_300000_last100days.txt
 create mode 100644 OI280/OI280_daily_FLUX_100_300000_last100days.png
 create mode 100644 OI280/OI280_daily_FLUX_100_300000_last100days.txt
 create mode 100644 OI280/OI280_weekly_FLUX_1000_300000_last100days.png
 create mode 100644 OI280/OI280_weekly_FLUX_1000_300000_last100days.txt
 create mode 100644 OI280/OI280_weekly_FLUX_100_300000_last100days.png
 create mode 100644 OI280/OI280_weekly_FLUX_100_300000_last100days.txt
 create mode 100644 OI280/index.html
 create mode 100644 OJ287/OJ287_604800.lc
 create mode 100644 OJ287/OJ287_86400.lc
 create mode 100644 OJ287/OJ287_daily_FLUX_1000_300000_last100days.png
 create mode 100644 OJ287/OJ287_daily_FLUX_1000_300000_last100days.txt
 create mode 100644 OJ287/OJ287_daily_FLUX_100_300000_last100days.png
 create mode 100644 OJ287/OJ287_daily_FLUX_100_300000_last100days.txt
 create mode 100644 OJ287/OJ287_weekly_FLUX_1000_300000_last100days.png
 create mode 100644 OJ287/OJ287_weekly_FLUX_1000_300000_last100days.txt
 create mode 100644 OJ287/OJ287_weekly_FLUX_100_300000_last100days.png
 create mode 100644 OJ287/OJ287_weekly_FLUX_100_300000_last100days.txt
 create mode 100644 OJ287/Swift_OJ287.txt
 create mode 100644 OJ287/index.html
 create mode 100644 OK+630/OK+630_604800.lc
 create mode 100644 OK+630/OK+630_86400.lc
 create mode 100644 OK+630/OK+630_daily_FLUX_1000_300000_last100days.png
 create mode 100644 OK+630/OK+630_daily_FLUX_1000_300000_last100days.txt
 create mode 100644 OK+630/OK+630_daily_FLUX_100_300000_last100days.png
 create mode 100644 OK+630/OK+630_daily_FLUX_100_300000_last100days.txt
 create mode 100644 OK+630/OK+630_weekly_FLUX_1000_300000_last100days.png
 create mode 100644 OK+630/OK+630_weekly_FLUX_1000_300000_last100days.txt
 create mode 100644 OK+630/OK+630_weekly_FLUX_100_300000_last100days.png
 create mode 100644 OK+630/OK+630_weekly_FLUX_100_300000_last100days.txt
 create mode 100644 OK+630/index.html
 create mode 100644 OS300/OS300_604800.lc
 create mode 100644 OS300/OS300_86400.lc
 create mode 100644 OS300/OS300_daily_FLUX_1000_300000_last100days.png
 create mode 100644 OS300/OS300_daily_FLUX_1000_300000_last100days.txt
 create mode 100644 OS300/OS300_daily_FLUX_100_300000_last100days.png
 create mode 100644 OS300/OS300_daily_FLUX_100_300000_last100days.txt
 create mode 100644 OS300/OS300_weekly_FLUX_1000_300000_last100days.png
 create mode 100644 OS300/OS300_weekly_FLUX_1000_300000_last100days.txt
 create mode 100644 OS300/OS300_weekly_FLUX_100_300000_last100days.png
 create mode 100644 OS300/OS300_weekly_FLUX_100_300000_last100days.txt
 create mode 100644 OS300/Swift_OS300.txt
 create mode 100644 OS300/index.html
 create mode 100644 OT081/OT081_604800.lc
 create mode 100644 OT081/OT081_86400.lc
 create mode 100644 OT081/OT081_daily_FLUX_1000_300000_last100days.png
 create mode 100644 OT081/OT081_daily_FLUX_1000_300000_last100days.txt
 create mode 100644 OT081/OT081_daily_FLUX_100_300000_last100days.png
 create mode 100644 OT081/OT081_daily_FLUX_100_300000_last100days.txt
 create mode 100644 OT081/OT081_weekly_FLUX_1000_300000_last100days.png
 create mode 100644 OT081/OT081_weekly_FLUX_1000_300000_last100days.txt
 create mode 100644 OT081/OT081_weekly_FLUX_100_300000_last100days.png
 create mode 100644 OT081/OT081_weekly_FLUX_100_300000_last100days.txt
 create mode 100644 OT081/Swift_OT081.txt
 create mode 100644 OT081/index.html
 create mode 100644 OT355/OT355_604800.lc
 create mode 100644 OT355/OT355_86400.lc
 create mode 100644 OT355/OT355_daily_FLUX_1000_300000_last100days.png
 create mode 100644 OT355/OT355_daily_FLUX_1000_300000_last100days.txt
 create mode 100644 OT355/OT355_daily_FLUX_100_300000_last100days.png
 create mode 100644 OT355/OT355_daily_FLUX_100_300000_last100days.txt
 create mode 100644 OT355/OT355_weekly_FLUX_1000_300000_last100days.png
 create mode 100644 OT355/OT355_weekly_FLUX_1000_300000_last100days.txt
 create mode 100644 OT355/OT355_weekly_FLUX_100_300000_last100days.png
 create mode 100644 OT355/OT355_weekly_FLUX_100_300000_last100days.txt
 create mode 100644 OT355/index.html
 create mode 100644 OX169/OX169_604800.lc
 create mode 100644 OX169/OX169_86400.lc
 create mode 100644 OX169/OX169_daily_FLUX_1000_300000_last100days.png
 create mode 100644 OX169/OX169_daily_FLUX_1000_300000_last100days.txt
 create mode 100644 OX169/OX169_daily_FLUX_100_300000_last100days.png
 create mode 100644 OX169/OX169_daily_FLUX_100_300000_last100days.txt
 create mode 100644 OX169/OX169_weekly_FLUX_1000_300000_last100days.png
 create mode 100644 OX169/OX169_weekly_FLUX_1000_300000_last100days.txt
 create mode 100644 OX169/OX169_weekly_FLUX_100_300000_last100days.png
 create mode 100644 OX169/OX169_weekly_FLUX_100_300000_last100days.txt
 create mode 100644 OX169/Swift_OX169.txt
 create mode 100644 OX169/index.html
 create mode 100644 PG1553+113/PG1553+113_604800.lc
 create mode 100644 PG1553+113/PG1553+113_86400.lc
 create mode 100644 PG1553+113/PG1553+113_daily_FLUX_1000_300000_last100days.png
 create mode 100644 PG1553+113/PG1553+113_daily_FLUX_1000_300000_last100days.txt
 create mode 100644 PG1553+113/PG1553+113_daily_FLUX_100_300000_last100days.png
 create mode 100644 PG1553+113/PG1553+113_daily_FLUX_100_300000_last100days.txt
 create mode 100644 PG1553+113/PG1553+113_weekly_FLUX_1000_300000_last100days.png
 create mode 100644 PG1553+113/PG1553+113_weekly_FLUX_1000_300000_last100days.txt
 create mode 100644 PG1553+113/PG1553+113_weekly_FLUX_100_300000_last100days.png
 create mode 100644 PG1553+113/PG1553+113_weekly_FLUX_100_300000_last100days.txt
 create mode 100644 PG1553+113/Swift_PG1553+113.txt
 create mode 100644 PG1553+113/index.html
 create mode 100644 PKS0336-01/PKS0336-01_604800.lc
 create mode 100644 PKS0336-01/PKS0336-01_86400.lc
 create mode 100644 PKS0336-01/PKS0336-01_daily_FLUX_1000_300000_last100days.png
 create mode 100644 PKS0336-01/PKS0336-01_daily_FLUX_1000_300000_last100days.txt
 create mode 100644 PKS0336-01/PKS0336-01_daily_FLUX_100_300000_last100days.png
 create mode 100644 PKS0336-01/PKS0336-01_daily_FLUX_100_300000_last100days.txt
 create mode 100644 PKS0336-01/PKS0336-01_weekly_FLUX_1000_300000_last100days.png
 create mode 100644 PKS0336-01/PKS0336-01_weekly_FLUX_1000_300000_last100days.txt
 create mode 100644 PKS0336-01/PKS0336-01_weekly_FLUX_100_300000_last100days.png
 create mode 100644 PKS0336-01/PKS0336-01_weekly_FLUX_100_300000_last100days.txt
 create mode 100644 PKS0336-01/Swift_PKS0336-01.txt
 create mode 100644 PKS0336-01/index.html
 create mode 100644 PKS0502+049/PKS0502+049_604800.lc
 create mode 100644 PKS0502+049/PKS0502+049_86400.lc
 create mode 100644 PKS0502+049/PKS0502+049_daily_FLUX_1000_300000_last100days.png
 create mode 100644 PKS0502+049/PKS0502+049_daily_FLUX_1000_300000_last100days.txt
 create mode 100644 PKS0502+049/PKS0502+049_daily_FLUX_100_300000_last100days.png
 create mode 100644 PKS0502+049/PKS0502+049_daily_FLUX_100_300000_last100days.txt
 create mode 100644 PKS0502+049/PKS0502+049_weekly_FLUX_1000_300000_last100days.png
 create mode 100644 PKS0502+049/PKS0502+049_weekly_FLUX_1000_300000_last100days.txt
 create mode 100644 PKS0502+049/PKS0502+049_weekly_FLUX_100_300000_last100days.png
 create mode 100644 PKS0502+049/PKS0502+049_weekly_FLUX_100_300000_last100days.txt
 create mode 100644 PKS0502+049/Swift_PKS0502+049.txt
 create mode 100644 PKS0502+049/index.html
 create mode 100644 PKS0507+17/PKS0507+17_604800.lc
 create mode 100644 PKS0507+17/PKS0507+17_86400.lc
 create mode 100644 PKS0507+17/PKS0507+17_daily_FLUX_1000_300000_last100days.png
 create mode 100644 PKS0507+17/PKS0507+17_daily_FLUX_1000_300000_last100days.txt
 create mode 100644 PKS0507+17/PKS0507+17_daily_FLUX_100_300000_last100days.png
 create mode 100644 PKS0507+17/PKS0507+17_daily_FLUX_100_300000_last100days.txt
 create mode 100644 PKS0507+17/PKS0507+17_weekly_FLUX_1000_300000_last100days.png
 create mode 100644 PKS0507+17/PKS0507+17_weekly_FLUX_1000_300000_last100days.txt
 create mode 100644 PKS0507+17/PKS0507+17_weekly_FLUX_100_300000_last100days.png
 create mode 100644 PKS0507+17/PKS0507+17_weekly_FLUX_100_300000_last100days.txt
 create mode 100644 PKS0507+17/Swift_PKS0507+17.txt
 create mode 100644 PKS0507+17/index.html
 create mode 100644 PKS0736+01/PKS0736+01_604800.lc
 create mode 100644 PKS0736+01/PKS0736+01_86400.lc
 create mode 100644 PKS0736+01/PKS0736+01_daily_FLUX_1000_300000_last100days.png
 create mode 100644 PKS0736+01/PKS0736+01_daily_FLUX_1000_300000_last100days.txt
 create mode 100644 PKS0736+01/PKS0736+01_daily_FLUX_100_300000_last100days.png
 create mode 100644 PKS0736+01/PKS0736+01_daily_FLUX_100_300000_last100days.txt
 create mode 100644 PKS0736+01/PKS0736+01_weekly_FLUX_1000_300000_last100days.png
 create mode 100644 PKS0736+01/PKS0736+01_weekly_FLUX_1000_300000_last100days.txt
 create mode 100644 PKS0736+01/PKS0736+01_weekly_FLUX_100_300000_last100days.png
 create mode 100644 PKS0736+01/PKS0736+01_weekly_FLUX_100_300000_last100days.txt
 create mode 100644 PKS0736+01/Swift_PKS0736+01.txt
 create mode 100644 PKS0736+01/index.html
 create mode 100644 PKS1725+123/PKS1725+123_604800.lc
 create mode 100644 PKS1725+123/PKS1725+123_86400.lc
 create mode 100644 PKS1725+123/PKS1725+123_daily_FLUX_1000_300000_last100days.png
 create mode 100644 PKS1725+123/PKS1725+123_daily_FLUX_1000_300000_last100days.txt
 create mode 100644 PKS1725+123/PKS1725+123_daily_FLUX_100_300000_last100days.png
 create mode 100644 PKS1725+123/PKS1725+123_daily_FLUX_100_300000_last100days.txt
 create mode 100644 PKS1725+123/PKS1725+123_weekly_FLUX_1000_300000_last100days.png
 create mode 100644 PKS1725+123/PKS1725+123_weekly_FLUX_1000_300000_last100days.txt
 create mode 100644 PKS1725+123/PKS1725+123_weekly_FLUX_100_300000_last100days.png
 create mode 100644 PKS1725+123/PKS1725+123_weekly_FLUX_100_300000_last100days.txt
 create mode 100644 PKS1725+123/index.html
 create mode 100644 PKS2023-07/PKS2023-07_604800.lc
 create mode 100644 PKS2023-07/PKS2023-07_86400.lc
 create mode 100644 PKS2023-07/PKS2023-07_daily_FLUX_1000_300000_last100days.png
 create mode 100644 PKS2023-07/PKS2023-07_daily_FLUX_1000_300000_last100days.txt
 create mode 100644 PKS2023-07/PKS2023-07_daily_FLUX_100_300000_last100days.png
 create mode 100644 PKS2023-07/PKS2023-07_daily_FLUX_100_300000_last100days.txt
 create mode 100644 PKS2023-07/PKS2023-07_weekly_FLUX_1000_300000_last100days.png
 create mode 100644 PKS2023-07/PKS2023-07_weekly_FLUX_1000_300000_last100days.txt
 create mode 100644 PKS2023-07/PKS2023-07_weekly_FLUX_100_300000_last100days.png
 create mode 100644 PKS2023-07/PKS2023-07_weekly_FLUX_100_300000_last100days.txt
 create mode 100644 PKS2023-07/Swift_PKS2023-07.txt
 create mode 100644 PKS2023-07/index.html
 create mode 100644 PKS2032+107/PKS2032+107_604800.lc
 create mode 100644 PKS2032+107/PKS2032+107_86400.lc
 create mode 100644 PKS2032+107/PKS2032+107_daily_FLUX_1000_300000_last100days.png
 create mode 100644 PKS2032+107/PKS2032+107_daily_FLUX_1000_300000_last100days.txt
 create mode 100644 PKS2032+107/PKS2032+107_daily_FLUX_100_300000_last100days.png
 create mode 100644 PKS2032+107/PKS2032+107_daily_FLUX_100_300000_last100days.txt
 create mode 100644 PKS2032+107/PKS2032+107_weekly_FLUX_1000_300000_last100days.png
 create mode 100644 PKS2032+107/PKS2032+107_weekly_FLUX_1000_300000_last100days.txt
 create mode 100644 PKS2032+107/PKS2032+107_weekly_FLUX_100_300000_last100days.png
 create mode 100644 PKS2032+107/PKS2032+107_weekly_FLUX_100_300000_last100days.txt
 create mode 100644 PKS2032+107/Swift_PKS2032+107.txt
 create mode 100644 PKS2032+107/index.html
 create mode 100644 PKS2144+092/PKS2144+092_604800.lc
 create mode 100644 PKS2144+092/PKS2144+092_86400.lc
 create mode 100644 PKS2144+092/PKS2144+092_daily_FLUX_1000_300000_last100days.png
 create mode 100644 PKS2144+092/PKS2144+092_daily_FLUX_1000_300000_last100days.txt
 create mode 100644 PKS2144+092/PKS2144+092_daily_FLUX_100_300000_last100days.png
 create mode 100644 PKS2144+092/PKS2144+092_daily_FLUX_100_300000_last100days.txt
 create mode 100644 PKS2144+092/PKS2144+092_weekly_FLUX_1000_300000_last100days.png
 create mode 100644 PKS2144+092/PKS2144+092_weekly_FLUX_1000_300000_last100days.txt
 create mode 100644 PKS2144+092/PKS2144+092_weekly_FLUX_100_300000_last100days.png
 create mode 100644 PKS2144+092/PKS2144+092_weekly_FLUX_100_300000_last100days.txt
 create mode 100644 PKS2144+092/Swift_PKS2144+092.txt
 create mode 100644 PKS2144+092/index.html
 create mode 100644 PKS2246+208/PKS2246+208_604800.lc
 create mode 100644 PKS2246+208/PKS2246+208_86400.lc
 create mode 100644 PKS2246+208/PKS2246+208_daily_FLUX_1000_300000_last100days.png
 create mode 100644 PKS2246+208/PKS2246+208_daily_FLUX_1000_300000_last100days.txt
 create mode 100644 PKS2246+208/PKS2246+208_daily_FLUX_100_300000_last100days.png
 create mode 100644 PKS2246+208/PKS2246+208_daily_FLUX_100_300000_last100days.txt
 create mode 100644 PKS2246+208/PKS2246+208_weekly_FLUX_1000_300000_last100days.png
 create mode 100644 PKS2246+208/PKS2246+208_weekly_FLUX_1000_300000_last100days.txt
 create mode 100644 PKS2246+208/PKS2246+208_weekly_FLUX_100_300000_last100days.png
 create mode 100644 PKS2246+208/PKS2246+208_weekly_FLUX_100_300000_last100days.txt
 create mode 100644 PKS2246+208/index.html
 create mode 100644 PKS2320-035/PKS2320-035_604800.lc
 create mode 100644 PKS2320-035/PKS2320-035_86400.lc
 create mode 100644 PKS2320-035/PKS2320-035_daily_FLUX_1000_300000_last100days.png
 create mode 100644 PKS2320-035/PKS2320-035_daily_FLUX_1000_300000_last100days.txt
 create mode 100644 PKS2320-035/PKS2320-035_daily_FLUX_100_300000_last100days.png
 create mode 100644 PKS2320-035/PKS2320-035_daily_FLUX_100_300000_last100days.txt
 create mode 100644 PKS2320-035/PKS2320-035_weekly_FLUX_1000_300000_last100days.png
 create mode 100644 PKS2320-035/PKS2320-035_weekly_FLUX_1000_300000_last100days.txt
 create mode 100644 PKS2320-035/PKS2320-035_weekly_FLUX_100_300000_last100days.png
 create mode 100644 PKS2320-035/PKS2320-035_weekly_FLUX_100_300000_last100days.txt
 create mode 100644 PKS2320-035/Swift_PKS2320-035.txt
 create mode 100644 PKS2320-035/index.html
 create mode 100644 PKSB0906+015/PKSB0906+015_604800.lc
 create mode 100644 PKSB0906+015/PKSB0906+015_86400.lc
 create mode 100644 PKSB0906+015/PKSB0906+015_daily_FLUX_1000_300000_last100days.png
 create mode 100644 PKSB0906+015/PKSB0906+015_daily_FLUX_1000_300000_last100days.txt
 create mode 100644 PKSB0906+015/PKSB0906+015_daily_FLUX_100_300000_last100days.png
 create mode 100644 PKSB0906+015/PKSB0906+015_daily_FLUX_100_300000_last100days.txt
 create mode 100644 PKSB0906+015/PKSB0906+015_weekly_FLUX_1000_300000_last100days.png
 create mode 100644 PKSB0906+015/PKSB0906+015_weekly_FLUX_1000_300000_last100days.txt
 create mode 100644 PKSB0906+015/PKSB0906+015_weekly_FLUX_100_300000_last100days.png
 create mode 100644 PKSB0906+015/PKSB0906+015_weekly_FLUX_100_300000_last100days.txt
 create mode 100644 PKSB0906+015/Swift_PKSB0906+015.txt
 create mode 100644 PKSB0906+015/index.html
 create mode 100644 PKSB2258-022/PKSB2258-022_604800.lc
 create mode 100644 PKSB2258-022/PKSB2258-022_86400.lc
 create mode 100644 PKSB2258-022/PKSB2258-022_daily_FLUX_1000_300000_last100days.png
 create mode 100644 PKSB2258-022/PKSB2258-022_daily_FLUX_1000_300000_last100days.txt
 create mode 100644 PKSB2258-022/PKSB2258-022_daily_FLUX_100_300000_last100days.png
 create mode 100644 PKSB2258-022/PKSB2258-022_daily_FLUX_100_300000_last100days.txt
 create mode 100644 PKSB2258-022/PKSB2258-022_weekly_FLUX_1000_300000_last100days.png
 create mode 100644 PKSB2258-022/PKSB2258-022_weekly_FLUX_1000_300000_last100days.txt
 create mode 100644 PKSB2258-022/PKSB2258-022_weekly_FLUX_100_300000_last100days.png
 create mode 100644 PKSB2258-022/PKSB2258-022_weekly_FLUX_100_300000_last100days.txt
 create mode 100644 PKSB2258-022/index.html
 create mode 100644 PMNJ0017-0512/PMNJ0017-0512_604800.lc
 create mode 100644 PMNJ0017-0512/PMNJ0017-0512_86400.lc
 create mode 100644 PMNJ0017-0512/PMNJ0017-0512_daily_FLUX_1000_300000_last100days.png
 create mode 100644 PMNJ0017-0512/PMNJ0017-0512_daily_FLUX_1000_300000_last100days.txt
 create mode 100644 PMNJ0017-0512/PMNJ0017-0512_daily_FLUX_100_300000_last100days.png
 create mode 100644 PMNJ0017-0512/PMNJ0017-0512_daily_FLUX_100_300000_last100days.txt
 create mode 100644 PMNJ0017-0512/PMNJ0017-0512_weekly_FLUX_1000_300000_last100days.png
 create mode 100644 PMNJ0017-0512/PMNJ0017-0512_weekly_FLUX_1000_300000_last100days.txt
 create mode 100644 PMNJ0017-0512/PMNJ0017-0512_weekly_FLUX_100_300000_last100days.png
 create mode 100644 PMNJ0017-0512/PMNJ0017-0512_weekly_FLUX_100_300000_last100days.txt
 create mode 100644 PMNJ0017-0512/Swift_PMNJ0017-0512.txt
 create mode 100644 PMNJ0017-0512/index.html
 create mode 100644 README.md
 create mode 100644 RSOph/RSOph_604800.lc
 create mode 100644 RSOph/RSOph_86400.lc
 create mode 100644 RSOph/RSOph_daily_FLUX_1000_300000_last100days.png
 create mode 100644 RSOph/RSOph_daily_FLUX_1000_300000_last100days.txt
 create mode 100644 RSOph/RSOph_daily_FLUX_100_300000_last100days.png
 create mode 100644 RSOph/RSOph_daily_FLUX_100_300000_last100days.txt
 create mode 100644 RSOph/RSOph_weekly_FLUX_1000_300000_last100days.png
 create mode 100644 RSOph/RSOph_weekly_FLUX_1000_300000_last100days.txt
 create mode 100644 RSOph/RSOph_weekly_FLUX_100_300000_last100days.png
 create mode 100644 RSOph/RSOph_weekly_FLUX_100_300000_last100days.txt
 create mode 100644 RSOph/index.html
 create mode 100644 S30218+35/S30218+35_604800.lc
 create mode 100644 S30218+35/S30218+35_86400.lc
 create mode 100644 S30218+35/S30218+35_daily_FLUX_1000_300000_last100days.png
 create mode 100644 S30218+35/S30218+35_daily_FLUX_1000_300000_last100days.txt
 create mode 100644 S30218+35/S30218+35_daily_FLUX_100_300000_last100days.png
 create mode 100644 S30218+35/S30218+35_daily_FLUX_100_300000_last100days.txt
 create mode 100644 S30218+35/S30218+35_weekly_FLUX_1000_300000_last100days.png
 create mode 100644 S30218+35/S30218+35_weekly_FLUX_1000_300000_last100days.txt
 create mode 100644 S30218+35/S30218+35_weekly_FLUX_100_300000_last100days.png
 create mode 100644 S30218+35/S30218+35_weekly_FLUX_100_300000_last100days.txt
 create mode 100644 S30218+35/Swift_S30218+35.txt
 create mode 100644 S30218+35/index.html
 create mode 100644 S41726+45/S41726+45_604800.lc
 create mode 100644 S41726+45/S41726+45_86400.lc
 create mode 100644 S41726+45/S41726+45_daily_FLUX_1000_300000_last100days.png
 create mode 100644 S41726+45/S41726+45_daily_FLUX_1000_300000_last100days.txt
 create mode 100644 S41726+45/S41726+45_daily_FLUX_100_300000_last100days.png
 create mode 100644 S41726+45/S41726+45_daily_FLUX_100_300000_last100days.txt
 create mode 100644 S41726+45/S41726+45_weekly_FLUX_1000_300000_last100days.png
 create mode 100644 S41726+45/S41726+45_weekly_FLUX_1000_300000_last100days.txt
 create mode 100644 S41726+45/S41726+45_weekly_FLUX_100_300000_last100days.png
 create mode 100644 S41726+45/S41726+45_weekly_FLUX_100_300000_last100days.txt
 create mode 100644 S41726+45/index.html
 create mode 100644 S41749+70/S41749+70_604800.lc
 create mode 100644 S41749+70/S41749+70_86400.lc
 create mode 100644 S41749+70/S41749+70_daily_FLUX_1000_300000_last100days.png
 create mode 100644 S41749+70/S41749+70_daily_FLUX_1000_300000_last100days.txt
 create mode 100644 S41749+70/S41749+70_daily_FLUX_100_300000_last100days.png
 create mode 100644 S41749+70/S41749+70_daily_FLUX_100_300000_last100days.txt
 create mode 100644 S41749+70/S41749+70_weekly_FLUX_1000_300000_last100days.png
 create mode 100644 S41749+70/S41749+70_weekly_FLUX_1000_300000_last100days.txt
 create mode 100644 S41749+70/S41749+70_weekly_FLUX_100_300000_last100days.png
 create mode 100644 S41749+70/S41749+70_weekly_FLUX_100_300000_last100days.txt
 create mode 100644 S41749+70/Swift_S41749+70.txt
 create mode 100644 S41749+70/index.html
 create mode 100644 S41800+44/S41800+44_604800.lc
 create mode 100644 S41800+44/S41800+44_86400.lc
 create mode 100644 S41800+44/S41800+44_daily_FLUX_1000_300000_last100days.png
 create mode 100644 S41800+44/S41800+44_daily_FLUX_1000_300000_last100days.txt
 create mode 100644 S41800+44/S41800+44_daily_FLUX_100_300000_last100days.png
 create mode 100644 S41800+44/S41800+44_daily_FLUX_100_300000_last100days.txt
 create mode 100644 S41800+44/S41800+44_weekly_FLUX_1000_300000_last100days.png
 create mode 100644 S41800+44/S41800+44_weekly_FLUX_1000_300000_last100days.txt
 create mode 100644 S41800+44/S41800+44_weekly_FLUX_100_300000_last100days.png
 create mode 100644 S41800+44/S41800+44_weekly_FLUX_100_300000_last100days.txt
 create mode 100644 S41800+44/Swift_S41800+44.txt
 create mode 100644 S41800+44/index.html
 create mode 100644 Swift_LCs.html
 create mode 100644 TCrB/TCrB_604800.lc
 create mode 100644 TCrB/TCrB_86400.lc
 create mode 100644 TCrB/TCrB_daily_FLUX_1000_300000_last100days.png
 create mode 100644 TCrB/TCrB_daily_FLUX_1000_300000_last100days.txt
 create mode 100644 TCrB/TCrB_daily_FLUX_100_300000_last100days.png
 create mode 100644 TCrB/TCrB_daily_FLUX_100_300000_last100days.txt
 create mode 100644 TCrB/TCrB_weekly_FLUX_1000_300000_last100days.png
 create mode 100644 TCrB/TCrB_weekly_FLUX_1000_300000_last100days.txt
 create mode 100644 TCrB/TCrB_weekly_FLUX_100_300000_last100days.png
 create mode 100644 TCrB/TCrB_weekly_FLUX_100_300000_last100days.txt
 create mode 100644 TCrB/index.html
 create mode 100644 TXS0059+581/Swift_TXS0059+581.txt
 create mode 100644 TXS0059+581/TXS0059+581_604800.lc
 create mode 100644 TXS0059+581/TXS0059+581_86400.lc
 create mode 100644 TXS0059+581/TXS0059+581_daily_FLUX_1000_300000_last100days.png
 create mode 100644 TXS0059+581/TXS0059+581_daily_FLUX_1000_300000_last100days.txt
 create mode 100644 TXS0059+581/TXS0059+581_daily_FLUX_100_300000_last100days.png
 create mode 100644 TXS0059+581/TXS0059+581_daily_FLUX_100_300000_last100days.txt
 create mode 100644 TXS0059+581/TXS0059+581_weekly_FLUX_1000_300000_last100days.png
 create mode 100644 TXS0059+581/TXS0059+581_weekly_FLUX_1000_300000_last100days.txt
 create mode 100644 TXS0059+581/TXS0059+581_weekly_FLUX_100_300000_last100days.png
 create mode 100644 TXS0059+581/TXS0059+581_weekly_FLUX_100_300000_last100days.txt
 create mode 100644 TXS0059+581/index.html
 create mode 100644 TXS0358+210/TXS0358+210_604800.lc
 create mode 100644 TXS0358+210/TXS0358+210_86400.lc
 create mode 100644 TXS0358+210/TXS0358+210_daily_FLUX_1000_300000_last100days.png
 create mode 100644 TXS0358+210/TXS0358+210_daily_FLUX_1000_300000_last100days.txt
 create mode 100644 TXS0358+210/TXS0358+210_daily_FLUX_100_300000_last100days.png
 create mode 100644 TXS0358+210/TXS0358+210_daily_FLUX_100_300000_last100days.txt
 create mode 100644 TXS0358+210/TXS0358+210_weekly_FLUX_1000_300000_last100days.png
 create mode 100644 TXS0358+210/TXS0358+210_weekly_FLUX_1000_300000_last100days.txt
 create mode 100644 TXS0358+210/TXS0358+210_weekly_FLUX_100_300000_last100days.png
 create mode 100644 TXS0358+210/TXS0358+210_weekly_FLUX_100_300000_last100days.txt
 create mode 100644 TXS0358+210/index.html
 create mode 100644 TXS1923+123/TXS1923+123_604800.lc
 create mode 100644 TXS1923+123/TXS1923+123_86400.lc
 create mode 100644 TXS1923+123/TXS1923+123_daily_FLUX_1000_300000_last100days.png
 create mode 100644 TXS1923+123/TXS1923+123_daily_FLUX_1000_300000_last100days.txt
 create mode 100644 TXS1923+123/TXS1923+123_daily_FLUX_100_300000_last100days.png
 create mode 100644 TXS1923+123/TXS1923+123_daily_FLUX_100_300000_last100days.txt
 create mode 100644 TXS1923+123/TXS1923+123_weekly_FLUX_1000_300000_last100days.png
 create mode 100644 TXS1923+123/TXS1923+123_weekly_FLUX_1000_300000_last100days.txt
 create mode 100644 TXS1923+123/TXS1923+123_weekly_FLUX_100_300000_last100days.png
 create mode 100644 TXS1923+123/TXS1923+123_weekly_FLUX_100_300000_last100days.txt
 create mode 100644 TXS1923+123/index.html
 create mode 100644 TXS2013+370/Swift_TXS2013+370.txt
 create mode 100644 TXS2013+370/TXS2013+370_604800.lc
 create mode 100644 TXS2013+370/TXS2013+370_86400.lc
 create mode 100644 TXS2013+370/TXS2013+370_daily_FLUX_1000_300000_last100days.png
 create mode 100644 TXS2013+370/TXS2013+370_daily_FLUX_1000_300000_last100days.txt
 create mode 100644 TXS2013+370/TXS2013+370_daily_FLUX_100_300000_last100days.png
 create mode 100644 TXS2013+370/TXS2013+370_daily_FLUX_100_300000_last100days.txt
 create mode 100644 TXS2013+370/TXS2013+370_weekly_FLUX_1000_300000_last100days.png
 create mode 100644 TXS2013+370/TXS2013+370_weekly_FLUX_1000_300000_last100days.txt
 create mode 100644 TXS2013+370/TXS2013+370_weekly_FLUX_100_300000_last100days.png
 create mode 100644 TXS2013+370/TXS2013+370_weekly_FLUX_100_300000_last100days.txt
 create mode 100644 TXS2013+370/index.html
 create mode 100644 TXS2032+117/TXS2032+117_604800.lc
 create mode 100644 TXS2032+117/TXS2032+117_86400.lc
 create mode 100644 TXS2032+117/TXS2032+117_daily_FLUX_1000_300000_last100days.png
 create mode 100644 TXS2032+117/TXS2032+117_daily_FLUX_1000_300000_last100days.txt
 create mode 100644 TXS2032+117/TXS2032+117_daily_FLUX_100_300000_last100days.png
 create mode 100644 TXS2032+117/TXS2032+117_daily_FLUX_100_300000_last100days.txt
 create mode 100644 TXS2032+117/TXS2032+117_weekly_FLUX_1000_300000_last100days.png
 create mode 100644 TXS2032+117/TXS2032+117_weekly_FLUX_1000_300000_last100days.txt
 create mode 100644 TXS2032+117/TXS2032+117_weekly_FLUX_100_300000_last100days.png
 create mode 100644 TXS2032+117/TXS2032+117_weekly_FLUX_100_300000_last100days.txt
 create mode 100644 TXS2032+117/index.html
 create mode 100644 TXS2138+527/TXS2138+527_604800.lc
 create mode 100644 TXS2138+527/TXS2138+527_86400.lc
 create mode 100644 TXS2138+527/TXS2138+527_daily_FLUX_1000_300000_last100days.png
 create mode 100644 TXS2138+527/TXS2138+527_daily_FLUX_1000_300000_last100days.txt
 create mode 100644 TXS2138+527/TXS2138+527_daily_FLUX_100_300000_last100days.png
 create mode 100644 TXS2138+527/TXS2138+527_daily_FLUX_100_300000_last100days.txt
 create mode 100644 TXS2138+527/TXS2138+527_weekly_FLUX_1000_300000_last100days.png
 create mode 100644 TXS2138+527/TXS2138+527_weekly_FLUX_1000_300000_last100days.txt
 create mode 100644 TXS2138+527/TXS2138+527_weekly_FLUX_100_300000_last100days.png
 create mode 100644 TXS2138+527/TXS2138+527_weekly_FLUX_100_300000_last100days.txt
 create mode 100644 TXS2138+527/index.html
 create mode 100644 TXS2241+406/Swift_TXS2241+406.txt
 create mode 100644 TXS2241+406/TXS2241+406_604800.lc
 create mode 100644 TXS2241+406/TXS2241+406_86400.lc
 create mode 100644 TXS2241+406/TXS2241+406_daily_FLUX_1000_300000_last100days.png
 create mode 100644 TXS2241+406/TXS2241+406_daily_FLUX_1000_300000_last100days.txt
 create mode 100644 TXS2241+406/TXS2241+406_daily_FLUX_100_300000_last100days.png
 create mode 100644 TXS2241+406/TXS2241+406_daily_FLUX_100_300000_last100days.txt
 create mode 100644 TXS2241+406/TXS2241+406_weekly_FLUX_1000_300000_last100days.png
 create mode 100644 TXS2241+406/TXS2241+406_weekly_FLUX_1000_300000_last100days.txt
 create mode 100644 TXS2241+406/TXS2241+406_weekly_FLUX_100_300000_last100days.png
 create mode 100644 TXS2241+406/TXS2241+406_weekly_FLUX_100_300000_last100days.txt
 create mode 100644 TXS2241+406/index.html
 create mode 100644 TXS2358+209/TXS2358+209_604800.lc
 create mode 100644 TXS2358+209/TXS2358+209_86400.lc
 create mode 100644 TXS2358+209/TXS2358+209_daily_FLUX_1000_300000_last100days.png
 create mode 100644 TXS2358+209/TXS2358+209_daily_FLUX_1000_300000_last100days.txt
 create mode 100644 TXS2358+209/TXS2358+209_daily_FLUX_100_300000_last100days.png
 create mode 100644 TXS2358+209/TXS2358+209_daily_FLUX_100_300000_last100days.txt
 create mode 100644 TXS2358+209/TXS2358+209_weekly_FLUX_1000_300000_last100days.png
 create mode 100644 TXS2358+209/TXS2358+209_weekly_FLUX_1000_300000_last100days.txt
 create mode 100644 TXS2358+209/TXS2358+209_weekly_FLUX_100_300000_last100days.png
 create mode 100644 TXS2358+209/TXS2358+209_weekly_FLUX_100_300000_last100days.txt
 create mode 100644 TXS2358+209/index.html
 create mode 100644 VER0521+211/Swift_VER0521+211.txt
 create mode 100644 VER0521+211/VER0521+211_604800.lc
 create mode 100644 VER0521+211/VER0521+211_86400.lc
 create mode 100644 VER0521+211/VER0521+211_daily_FLUX_1000_300000_last100days.png
 create mode 100644 VER0521+211/VER0521+211_daily_FLUX_1000_300000_last100days.txt
 create mode 100644 VER0521+211/VER0521+211_daily_FLUX_100_300000_last100days.png
 create mode 100644 VER0521+211/VER0521+211_daily_FLUX_100_300000_last100days.txt
 create mode 100644 VER0521+211/VER0521+211_weekly_FLUX_1000_300000_last100days.png
 create mode 100644 VER0521+211/VER0521+211_weekly_FLUX_1000_300000_last100days.txt
 create mode 100644 VER0521+211/VER0521+211_weekly_FLUX_100_300000_last100days.png
 create mode 100644 VER0521+211/VER0521+211_weekly_FLUX_100_300000_last100days.txt
 create mode 100644 VER0521+211/index.html
 create mode 100644 github-latlcs-deploy.log
 create mode 100644 index.html
 create mode 100644 makeLATLCSite.log
To github-latlcs:UCD-HEAP/BAR.git
 + cbb4003...a4790cb gh-pages -> gh-pages (forced update)
=== Run finished: Fri Sep 25 16:31:56 IST 2026 ===
=== Run started: Sat Sep 26 16:31:47 IST 2026 ===
